Year,Month,Temp,
1796,1,24.317,
1796,2,23.923,
1796,3,24.407,
1796,4,27.171,
1796,5,29.05,
1796,6,28.539,
1796,7,26.857,
1796,8,26.887,
1796,9,27.123,
1796,10,27.562,
1796,11,26.966,
1796,12,23.972,
1797,1,NaN,
1797,2,NaN,
1797,3,24.988,
1797,4,26.528,
1797,5,28.488,
1797,6,29.328,
1797,7,27.069,
1797,8,27.246,
1797,9,27.253,
1797,10,27.232,
1797,11,26.246,
1797,12,25.502,
1798,1,24.467,
1798,2,24.321,
1798,3,26.287,
1798,4,NaN,
1798,5,NaN,
1798,6,28.843,
1798,7,28.105,
1798,8,27.394,
1798,9,27.197,
1798,10,27.535,
1798,11,27.479,
1798,12,25.185,
1799,1,23.938,
1799,2,22.776,
1799,3,25.171,
1799,4,27.868,
1799,5,29.251,
1799,6,29.241,
1799,7,27.194,
1799,8,27.122,
1799,9,27.249,
1799,10,28.157,
1799,11,26.838,
1799,12,25.355,
1800,1,24.394,
1800,2,24.477,
1800,3,25.033,
1800,4,28.385,
1800,5,28.427,
1800,6,28.65,
1800,7,26.586,
1800,8,26.526,
1800,9,26.221,
1800,10,27.877,
1800,11,27.47,
1800,12,25.849,
1801,1,24.724,
1801,2,23.601,
1801,3,27.124,
1801,4,NaN,
1801,5,NaN,
1801,6,28.076,
1801,7,27.332,
1801,8,26.643,
1801,9,26.777,
1801,10,27.569,
1801,11,27.28,
1801,12,26.609,
1802,1,25.155,
1802,2,24.487,
1802,3,26.891,
1802,4,27.781,
1802,5,28.269,
1802,6,29.809,
1802,7,27.975,
1802,8,27.028,
1802,9,28.007,
1802,10,28.127,
1802,11,27.083,
1802,12,25.195,
1803,1,23.025,
1803,2,23.08,
1803,3,25.411,
1803,4,28.14,
1803,5,29.227,
1803,6,29.06,
1803,7,27.987,
1803,8,28.228,
1803,9,27.951,
1803,10,27.903,
1803,11,27.566,
1803,12,25.413,
1804,1,24.862,
1804,2,23.976,
1804,3,25.312,
1804,4,29.017,
1804,5,29.737,
1804,6,29.411,
1804,7,28.846,
1804,8,27.226,
1804,9,27.725,
1804,10,27.761,
1804,11,28.435,
1804,12,25.061,
1805,1,24.461,
1805,2,23.797,
1805,3,25.96,
1805,4,26.92,
1805,5,29.166,
1805,6,29.391,
1805,7,27.137,
1805,8,27.589,
1805,9,27.104,
1805,10,26.465,
1805,11,26.88,
1805,12,26.477,
1806,1,24.361,
1806,2,23.696,
1806,3,25.034,
1806,4,27.26,
1806,5,28.957,
1806,6,27.426,
1806,7,27.155,
1806,8,27.3,
1806,9,28.089,
1806,10,27.395,
1806,11,27.364,
1806,12,26.031,
1807,1,23.365,
1807,2,23.375,
1807,3,NaN,
1807,4,NaN,
1807,5,26.894,
1807,6,29.009,
1807,7,27.866,
1807,8,26.897,
1807,9,27.613,
1807,10,27.121,
1807,11,27.173,
1807,12,26.686,
1808,1,NaN,
1808,2,NaN,
1808,3,NaN,
1808,4,NaN,
1808,5,NaN,
1808,6,NaN,
1808,7,NaN,
1808,8,NaN,
1808,9,NaN,
1808,10,NaN,
1808,11,NaN,
1808,12,NaN,
1809,1,NaN,
1809,2,NaN,
1809,3,NaN,
1809,4,NaN,
1809,5,NaN,
1809,6,NaN,
1809,7,NaN,
1809,8,NaN,
1809,9,NaN,
1809,10,NaN,
1809,11,NaN,
1809,12,NaN,
1810,1,NaN,
1810,2,NaN,
1810,3,NaN,
1810,4,NaN,
1810,5,NaN,
1810,6,NaN,
1810,7,NaN,
1810,8,NaN,
1810,9,NaN,
1810,10,NaN,
1810,11,NaN,
1810,12,NaN,
1811,1,NaN,
1811,2,NaN,
1811,3,NaN,
1811,4,NaN,
1811,5,NaN,
1811,6,NaN,
1811,7,NaN,
1811,8,NaN,
1811,9,NaN,
1811,10,NaN,
1811,11,NaN,
1811,12,NaN,
1812,1,NaN,
1812,2,NaN,
1812,3,NaN,
1812,4,NaN,
1812,5,NaN,
1812,6,NaN,
1812,7,NaN,
1812,8,NaN,
1812,9,NaN,
1812,10,NaN,
1812,11,NaN,
1812,12,NaN,
1813,1,22.003,
1813,2,23.342,
1813,3,23.615,
1813,4,27.842,
1813,5,29.546,
1813,6,27.665,
1813,7,26.952,
1813,8,25.711,
1813,9,26.856,
1813,10,26.775,
1813,11,27.744,
1813,12,24.185,
1814,1,22.785,
1814,2,23.301,
1814,3,24.277,
1814,4,26.493,
1814,5,NaN,
1814,6,28.363,
1814,7,25.805,
1814,8,25.789,
1814,9,25.757,
1814,10,26.119,
1814,11,27.706,
1814,12,26.784,
1815,1,23.144,
1815,2,23.891,
1815,3,24.263,
1815,4,27.431,
1815,5,28.397,
1815,6,25.891,
1815,7,26.283,
1815,8,26.012,
1815,9,26.339,
1815,10,25.608,
1815,11,25.668,
1815,12,23.794,
1816,1,23.55,
1816,2,21.01,
1816,3,24.001,
1816,4,26.163,
1816,5,28.471,
1816,6,27.349,
1816,7,25.088,
1816,8,25.195,
1816,9,25.243,
1816,10,24.881,
1816,11,26.04,
1816,12,24.26,
1817,1,23.094,
1817,2,23.845,
1817,3,24.899,
1817,4,26.781,
1817,5,27.455,
1817,6,26.575,
1817,7,25.729,
1817,8,26.248,
1817,9,24.385,
1817,10,25.272,
1817,11,26.026,
1817,12,23.876,
1818,1,23.447,
1818,2,22.755,
1818,3,25.419,
1818,4,28.035,
1818,5,29.263,
1818,6,28.62,
1818,7,25.402,
1818,8,24.999,
1818,9,25.606,
1818,10,25.516,
1818,11,26.404,
1818,12,24.73,
1819,1,21.977,
1819,2,22.49,
1819,3,23.7,
1819,4,26.14,
1819,5,27.809,
1819,6,27.827,
1819,7,26.03,
1819,8,25.808,
1819,9,25.928,
1819,10,27.071,
1819,11,26.985,
1819,12,24.625,
1820,1,22.249,
1820,2,22.773,
1820,3,24.601,
1820,4,27.778,
1820,5,28.03,
1820,6,27.681,
1820,7,26.069,
1820,8,25.177,
1820,9,26.111,
1820,10,26.426,
1820,11,26.456,
1820,12,24.519,
1821,1,24.767,
1821,2,24.588,
1821,3,26.001,
1821,4,26.102,
1821,5,28.62,
1821,6,27.652,
1821,7,26.136,
1821,8,26.195,
1821,9,25.422,
1821,10,26.717,
1821,11,27.224,
1821,12,25.292,
1822,1,24.45,
1822,2,25.188,
1822,3,27.393,
1822,4,27.102,
1822,5,28.405,
1822,6,27.762,
1822,7,26.726,
1822,8,25.494,
1822,9,25.638,
1822,10,26.085,
1822,11,26.201,
1822,12,24.382,
1823,1,24.089,
1823,2,23.792,
1823,3,25.457,
1823,4,27.294,
1823,5,28.441,
1823,6,28.883,
1823,7,27.093,
1823,8,25.788,
1823,9,25.125,
1823,10,26.667,
1823,11,26.363,
1823,12,25.675,
1824,1,24.674,
1824,2,24.117,
1824,3,25.795,
1824,4,27.484,
1824,5,28.573,
1824,6,28.777,
1824,7,28.243,
1824,8,26.421,
1824,9,27.031,
1824,10,26.27,
1824,11,27.342,
1824,12,27.045,
1825,1,24.677,
1825,2,24.316,
1825,3,25.633,
1825,4,27.835,
1825,5,28.57,
1825,6,28.559,
1825,7,26.994,
1825,8,25.729,
1825,9,26.073,
1825,10,26.777,
1825,11,27.821,
1825,12,25.422,
1826,1,24.431,
1826,2,23.194,
1826,3,25.828,
1826,4,27.794,
1826,5,29.495,
1826,6,27.693,
1826,7,27.27,
1826,8,25.575,
1826,9,26.16,
1826,10,27.247,
1826,11,27.845,
1826,12,26.911,
1827,1,25.095,
1827,2,24.45,
1827,3,26.132,
1827,4,28.053,
1827,5,28.458,
1827,6,28.339,
1827,7,27.382,
1827,8,26.127,
1827,9,25.847,
1827,10,26.823,
1827,11,27.807,
1827,12,25.421,
1828,1,23.608,
1828,2,23.6,
1828,3,25.657,
1828,4,27.116,
1828,5,28.531,
1828,6,29.081,
1828,7,27.257,
1828,8,26.13,
1828,9,25.086,
1828,10,26.956,
1828,11,27.69,
1828,12,25.827,
1829,1,24.141,
1829,2,22.953,
1829,3,25.365,
1829,4,26.972,
1829,5,28.774,
1829,6,28.213,
1829,7,26.782,
1829,8,25.99,
1829,9,25.815,
1829,10,27.356,
1829,11,26.722,
1829,12,25.348,
1830,1,24.314,
1830,2,24.374,
1830,3,25.148,
1830,4,27.374,
1830,5,26.787,
1830,6,28.047,
1830,7,27.411,
1830,8,25.838,
1830,9,25.764,
1830,10,26.828,
1830,11,28.259,
1830,12,26.399,
1831,1,23.862,
1831,2,23.982,
1831,3,25.704,
1831,4,26.638,
1831,5,29.042,
1831,6,28.664,
1831,7,26.354,
1831,8,25.367,
1831,9,25.29,
1831,10,26.383,
1831,11,26.153,
1831,12,24.956,
1832,1,23.334,
1832,2,22.923,
1832,3,25.645,
1832,4,27.606,
1832,5,29.149,
1832,6,NaN,
1832,7,27.295,
1832,8,25.986,
1832,9,25.389,
1832,10,26.523,
1832,11,26.301,
1832,12,NaN,
1833,1,24.198,
1833,2,24.1,
1833,3,24.923,
1833,4,26.968,
1833,5,28.256,
1833,6,28.314,
1833,7,27.093,
1833,8,25.615,
1833,9,25.842,
1833,10,26.43,
1833,11,27.56,
1833,12,25.978,
1834,1,22.826,
1834,2,23.858,
1834,3,25.788,
1834,4,26.721,
1834,5,29.348,
1834,6,27.956,
1834,7,26.528,
1834,8,25.976,
1834,9,26.51,
1834,10,27.042,
1834,11,27.531,
1834,12,26.101,
1835,1,24.436,
1835,2,23.787,
1835,3,24.676,
1835,4,26.199,
1835,5,27.588,
1835,6,27.07,
1835,7,25.959,
1835,8,25.152,
1835,9,25.389,
1835,10,26.295,
1835,11,25.845,
1835,12,24.168,
1836,1,23.689,
1836,2,23.442,
1836,3,24.977,
1836,4,26.329,
1836,5,28.298,
1836,6,28.032,
1836,7,26.535,
1836,8,25.161,
1836,9,26.104,
1836,10,27.342,
1836,11,25.967,
1836,12,25.326,
1837,1,24.284,
1837,2,24.221,
1837,3,24.693,
1837,4,25.796,
1837,5,27.234,
1837,6,27.425,
1837,7,26.54,
1837,8,25.907,
1837,9,26.264,
1837,10,26.465,
1837,11,26.334,
1837,12,25.308,
1838,1,22.126,
1838,2,22.963,
1838,3,24.572,
1838,4,26.75,
1838,5,27.801,
1838,6,27.888,
1838,7,27.513,
1838,8,26.266,
1838,9,26.531,
1838,10,27.038,
1838,11,26.511,
1838,12,25.313,
1839,1,24.444,
1839,2,24.288,
1839,3,24.125,
1839,4,26.911,
1839,5,27.908,
1839,6,27.705,
1839,7,26.887,
1839,8,26.014,
1839,9,25.921,
1839,10,27.191,
1839,11,25.841,
1839,12,24.78,
1840,1,24.378,
1840,2,23.533,
1840,3,24.608,
1840,4,27.038,
1840,5,28.482,
1840,6,28.269,
1840,7,27.157,
1840,8,26.009,
1840,9,25.845,
1840,10,26.618,
1840,11,25.907,
1840,12,25.063,
1841,1,23.594,
1841,2,23.784,
1841,3,24.198,
1841,4,25.975,
1841,5,27.71,
1841,6,27.661,
1841,7,27.408,
1841,8,25.83,
1841,9,26.099,
1841,10,26.375,
1841,11,26.463,
1841,12,25.089,
1842,1,23.795,
1842,2,23.781,
1842,3,25.742,
1842,4,27.142,
1842,5,27.936,
1842,6,27.632,
1842,7,26.793,
1842,8,25.821,
1842,9,25.979,
1842,10,27.021,
1842,11,26.869,
1842,12,25.912,
1843,1,24.104,
1843,2,24.304,
1843,3,24.654,
1843,4,26.552,
1843,5,27.596,
1843,6,27.71,
1843,7,26.491,
1843,8,25.992,
1843,9,26.078,
1843,10,26.716,
1843,11,26.389,
1843,12,24.745,
1844,1,23.549,
1844,2,22.053,
1844,3,24.653,
1844,4,26.602,
1844,5,27.729,
1844,6,27.909,
1844,7,26.431,
1844,8,26.214,
1844,9,25.836,
1844,10,27.237,
1844,11,26.618,
1844,12,25.731,
1845,1,24.308,
1845,2,23.325,
1845,3,25.345,
1845,4,26.993,
1845,5,28.112,
1845,6,27.55,
1845,7,27.124,
1845,8,26.387,
1845,9,26.425,
1845,10,26.703,
1845,11,26.745,
1845,12,24.796,
1846,1,25.47,
1846,2,24.423,
1846,3,26.7,
1846,4,26.66,
1846,5,28.379,
1846,6,28.415,
1846,7,27.708,
1846,8,26.713,
1846,9,26.496,
1846,10,26.612,
1846,11,26.986,
1846,12,25.93,
1847,1,24.564,
1847,2,24.256,
1847,3,24.491,
1847,4,27.089,
1847,5,27.871,
1847,6,27.694,
1847,7,27.047,
1847,8,26.166,
1847,9,26.519,
1847,10,26.988,
1847,11,27.04,
1847,12,24.036,
1848,1,24.068,
1848,2,23.82,
1848,3,24.934,
1848,4,26.951,
1848,5,28.043,
1848,6,27.025,
1848,7,26.932,
1848,8,26.318,
1848,9,26.693,
1848,10,27.042,
1848,11,26.744,
1848,12,25.332,
1849,1,23.387,
1849,2,23.913,
1849,3,25.326,
1849,4,26.364,
1849,5,28.286,
1849,6,26.955,
1849,7,26.467,
1849,8,26.314,
1849,9,25.798,
1849,10,27.199,
1849,11,27.801,
1849,12,25.023,
1850,1,22.78,
1850,2,23.713,
1850,3,25.301,
1850,4,26.426,
1850,5,27.85,
1850,6,28.062,
1850,7,27.173,
1850,8,26.768,
1850,9,26.72,
1850,10,27.884,
1850,11,26.778,
1850,12,24.934,
1851,1,22.979,
1851,2,23.823,
1851,3,25.376,
1851,4,26.931,
1851,5,28.295,
1851,6,27.571,
1851,7,26.521,
1851,8,26.309,
1851,9,26.645,
1851,10,27.482,
1851,11,26.803,
1851,12,24.779,
1852,1,24.12,
1852,2,23.855,
1852,3,24.677,
1852,4,26.708,
1852,5,28.264,
1852,6,27.967,
1852,7,26.908,
1852,8,25.991,
1852,9,26.552,
1852,10,27.082,
1852,11,26.518,
1852,12,25.634,
1853,1,23.885,
1853,2,23.168,
1853,3,25.143,
1853,4,26.768,
1853,5,28.588,
1853,6,28.628,
1853,7,27.46,
1853,8,26.545,
1853,9,26.951,
1853,10,27.336,
1853,11,26.619,
1853,12,25.293,
1854,1,23.45,
1854,2,23.363,
1854,3,25.416,
1854,4,27.289,
1854,5,28.703,
1854,6,28.313,
1854,7,27.379,
1854,8,26.59,
1854,9,26.604,
1854,10,27.839,
1854,11,27.372,
1854,12,25.679,
1855,1,24.451,
1855,2,24.144,
1855,3,25.363,
1855,4,27.772,
1855,5,29.181,
1855,6,28.261,
1855,7,27.287,
1855,8,26.621,
1855,9,26.646,
1855,10,26.986,
1855,11,26.802,
1855,12,24.656,
1856,1,24.239,
1856,2,23.803,
1856,3,25.133,
1856,4,26.886,
1856,5,28.119,
1856,6,28.094,
1856,7,26.587,
1856,8,25.229,
1856,9,26.075,
1856,10,26.563,
1856,11,26.6,
1856,12,25.097,
1857,1,23.313,
1857,2,22.976,
1857,3,24.692,
1857,4,26.205,
1857,5,27.727,
1857,6,27.081,
1857,7,26.384,
1857,8,25.995,
1857,9,26.25,
1857,10,26.316,
1857,11,26.432,
1857,12,25.039,
1858,1,24.245,
1858,2,23.649,
1858,3,25.36,
1858,4,27.726,
1858,5,28.432,
1858,6,27.873,
1858,7,26.513,
1858,8,26.116,
1858,9,26.388,
1858,10,27.271,
1858,11,27.471,
1858,12,24.837,
1859,1,23.981,
1859,2,23.862,
1859,3,25.64,
1859,4,27.715,
1859,5,28.951,
1859,6,28.188,
1859,7,26.61,
1859,8,25.944,
1859,9,26.231,
1859,10,27.31,
1859,11,27.04,
1859,12,25.269,
1860,1,23.596,
1860,2,23.498,
1860,3,24.249,
1860,4,27.187,
1860,5,28.601,
1860,6,28.305,
1860,7,27.062,
1860,8,26.562,
1860,9,27.051,
1860,10,27.303,
1860,11,26.667,
1860,12,23.946,
1861,1,22.551,
1861,2,23.159,
1861,3,25.083,
1861,4,26.978,
1861,5,28.292,
1861,6,27.979,
1861,7,26.73,
1861,8,26.227,
1861,9,26.492,
1861,10,27.026,
1861,11,27.058,
1861,12,24.968,
1862,1,22.767,
1862,2,22.573,
1862,3,24.801,
1862,4,NaN,
1862,5,NaN,
1862,6,NaN,
1862,7,NaN,
1862,8,NaN,
1862,9,NaN,
1862,10,NaN,
1862,11,NaN,
1862,12,NaN,
1863,1,NaN,
1863,2,NaN,
1863,3,NaN,
1863,4,NaN,
1863,5,NaN,
1863,6,NaN,
1863,7,NaN,
1863,8,NaN,
1863,9,NaN,
1863,10,NaN,
1863,11,NaN,
1863,12,NaN,
1864,1,NaN,
1864,2,NaN,
1864,3,NaN,
1864,4,NaN,
1864,5,NaN,
1864,6,NaN,
1864,7,NaN,
1864,8,NaN,
1864,9,NaN,
1864,10,NaN,
1864,11,NaN,
1864,12,NaN,
1865,1,24.824,
1865,2,23.922,
1865,3,24.72,
1865,4,26.955,
1865,5,28.432,
1865,6,28.716,
1865,7,27.123,
1865,8,26.569,
1865,9,27.322,
1865,10,27.609,
1865,11,27.64,
1865,12,25.297,
1866,1,24.494,
1866,2,23.556,
1866,3,25.235,
1866,4,27.519,
1866,5,29.065,
1866,6,28.191,
1866,7,27.261,
1866,8,26.302,
1866,9,26.944,
1866,10,27.208,
1866,11,27.212,
1866,12,26.278,
1867,1,24.438,
1867,2,23.764,
1867,3,25.298,
1867,4,27.475,
1867,5,28.376,
1867,6,28.442,
1867,7,27.018,
1867,8,26.434,
1867,9,26.941,
1867,10,27.669,
1867,11,27.987,
1867,12,26.227,
1868,1,23.965,
1868,2,23.576,
1868,3,25.397,
1868,4,27.588,
1868,5,29.2,
1868,6,28.282,
1868,7,27.064,
1868,8,26.709,
1868,9,27.014,
1868,10,28.031,
1868,11,26.982,
1868,12,25.578,
1869,1,24.045,
1869,2,24.809,
1869,3,25.475,
1869,4,27.829,
1869,5,28.785,
1869,6,28.492,
1869,7,27.229,
1869,8,26.496,
1869,9,27.234,
1869,10,27.511,
1869,11,27.116,
1869,12,25.046,
1870,1,24,
1870,2,23.282,
1870,3,25.29,
1870,4,27.394,
1870,5,29.051,
1870,6,28.282,
1870,7,26.686,
1870,8,25.787,
1870,9,26.654,
1870,10,27.191,
1870,11,26.934,
1870,12,24.744,
1871,1,23.371,
1871,2,23.188,
1871,3,25.472,
1871,4,27.543,
1871,5,28.189,
1871,6,28.028,
1871,7,26.687,
1871,8,26.47,
1871,9,26.801,
1871,10,27.605,
1871,11,26.667,
1871,12,25.206,
1872,1,23.651,
1872,2,23.53,
1872,3,25.703,
1872,4,27.296,
1872,5,28.647,
1872,6,27.918,
1872,7,26.724,
1872,8,26.085,
1872,9,26.761,
1872,10,27.595,
1872,11,26.715,
1872,12,24.955,
1873,1,23.675,
1873,2,24.039,
1873,3,25.322,
1873,4,27.179,
1873,5,28.685,
1873,6,28.003,
1873,7,26.661,
1873,8,26.361,
1873,9,26.609,
1873,10,27.758,
1873,11,26.832,
1873,12,25.623,
1874,1,23.906,
1874,2,23.962,
1874,3,24.88,
1874,4,27.614,
1874,5,28.561,
1874,6,27.85,
1874,7,26.673,
1874,8,26.437,
1874,9,26.577,
1874,10,27.965,
1874,11,27.48,
1874,12,25.326,
1875,1,23.827,
1875,2,23.691,
1875,3,27.163,
1875,4,27.806,
1875,5,29.324,
1875,6,28.038,
1875,7,26.312,
1875,8,26.332,
1875,9,26.413,
1875,10,26.372,
1875,11,26.721,
1875,12,25.591,
1876,1,25.208,
1876,2,24.638,
1876,3,26.468,
1876,4,28.298,
1876,5,28.916,
1876,6,28.071,
1876,7,26.393,
1876,8,25.972,
1876,9,26.044,
1876,10,28.146,
1876,11,27.624,
1876,12,26.29,
1877,1,24.592,
1877,2,24.126,
1877,3,25.832,
1877,4,26.925,
1877,5,28.51,
1877,6,28.294,
1877,7,28.062,
1877,8,27.68,
1877,9,27.641,
1877,10,27.346,
1877,11,28.52,
1877,12,27.341,
1878,1,24.018,
1878,2,25.441,
1878,3,26.682,
1878,4,27.4,
1878,5,28.907,
1878,6,28.837,
1878,7,27.104,
1878,8,26.632,
1878,9,27.168,
1878,10,28.226,
1878,11,27.313,
1878,12,24.875,
1879,1,24.437,
1879,2,23.949,
1879,3,25.247,
1879,4,27.478,
1879,5,28.302,
1879,6,26.801,
1879,7,27.207,
1879,8,25.696,
1879,9,26.2,
1879,10,27.13,
1879,11,25.587,
1879,12,23.957,
1880,1,23.816,
1880,2,23.352,
1880,3,27.034,
1880,4,27.867,
1880,5,28.624,
1880,6,27.538,
1880,7,26.326,
1880,8,26.555,
1880,9,26.149,
1880,10,27.768,
1880,11,27.281,
1880,12,25.757,
1881,1,24.511,
1881,2,24.744,
1881,3,25.499,
1881,4,27.303,
1881,5,29.224,
1881,6,28.003,
1881,7,26.749,
1881,8,26.456,
1881,9,26.621,
1881,10,27.531,
1881,11,26.512,
1881,12,25.46,
1882,1,25.067,
1882,2,23.925,
1882,3,26.184,
1882,4,27.207,
1882,5,28.228,
1882,6,26.776,
1882,7,25.806,
1882,8,26.439,
1882,9,26.512,
1882,10,27.155,
1882,11,26.203,
1882,12,25.334,
1883,1,24.156,
1883,2,23.875,
1883,3,25.004,
1883,4,27.157,
1883,5,28.617,
1883,6,27.208,
1883,7,26.372,
1883,8,26.461,
1883,9,25.854,
1883,10,26.999,
1883,11,25.788,
1883,12,23.267,
1884,1,22.562,
1884,2,23.271,
1884,3,25.598,
1884,4,26.645,
1884,5,28.524,
1884,6,28.245,
1884,7,26.699,
1884,8,26.645,
1884,9,26.022,
1884,10,26.873,
1884,11,25.89,
1884,12,24.521,
1885,1,23.958,
1885,2,22.436,
1885,3,25.244,
1885,4,26.329,
1885,5,28.114,
1885,6,28.499,
1885,7,27.055,
1885,8,26.664,
1885,9,27.002,
1885,10,27.683,
1885,11,27.124,
1885,12,24.969,
1886,1,23.405,
1886,2,23.654,
1886,3,25.581,
1886,4,27.217,
1886,5,29.047,
1886,6,27.747,
1886,7,26.596,
1886,8,26.504,
1886,9,27.007,
1886,10,27.667,
1886,11,27.21,
1886,12,24.889,
1887,1,23.343,
1887,2,23.473,
1887,3,25.297,
1887,4,27.221,
1887,5,28.145,
1887,6,26.801,
1887,7,25.925,
1887,8,25.859,
1887,9,26.162,
1887,10,27.383,
1887,11,27.002,
1887,12,24.948,
1888,1,23.416,
1888,2,24.064,
1888,3,26.362,
1888,4,27.666,
1888,5,28.347,
1888,6,28.137,
1888,7,26.753,
1888,8,26.305,
1888,9,27.274,
1888,10,28.182,
1888,11,27.634,
1888,12,25.489,
1889,1,24.783,
1889,2,24.412,
1889,3,26.116,
1889,4,27.813,
1889,5,29.586,
1889,6,28.019,
1889,7,27.157,
1889,8,26.831,
1889,9,27.64,
1889,10,26.811,
1889,11,25.544,
1889,12,24.813,
1890,1,24.225,
1890,2,25.017,
1890,3,25.878,
1890,4,27.679,
1890,5,28.7,
1890,6,27.16,
1890,7,26.261,
1890,8,25.721,
1890,9,26.328,
1890,10,27.208,
1890,11,27.132,
1890,12,25.6,
1891,1,23.88,
1891,2,23.702,
1891,3,24.995,
1891,4,27.133,
1891,5,28.887,
1891,6,29.29,
1891,7,27.005,
1891,8,26.66,
1891,9,26.971,
1891,10,27.775,
1891,11,27.093,
1891,12,25.607,
1892,1,24.875,
1892,2,25.011,
1892,3,26.264,
1892,4,29.014,
1892,5,29.069,
1892,6,27.745,
1892,7,27.137,
1892,8,26.196,
1892,9,26.206,
1892,10,27.68,
1892,11,25.82,
1892,12,24.894,
1893,1,23.247,
1893,2,22.389,
1893,3,24.622,
1893,4,27.57,
1893,5,28.229,
1893,6,26.997,
1893,7,26.687,
1893,8,26.367,
1893,9,26.437,
1893,10,27.055,
1893,11,27.417,
1893,12,25.23,
1894,1,24.407,
1894,2,24.798,
1894,3,26.019,
1894,4,27.509,
1894,5,28.844,
1894,6,27.981,
1894,7,26.51,
1894,8,26.723,
1894,9,26.451,
1894,10,27.246,
1894,11,26.344,
1894,12,25.304,
1895,1,23.787,
1895,2,23.911,
1895,3,25.939,
1895,4,27.329,
1895,5,28.955,
1895,6,28.234,
1895,7,26.997,
1895,8,26.436,
1895,9,26.506,
1895,10,27.609,
1895,11,27.635,
1895,12,25.166,
1896,1,24.532,
1896,2,24.108,
1896,3,26.291,
1896,4,28.633,
1896,5,29.48,
1896,6,28.038,
1896,7,27.013,
1896,8,25.974,
1896,9,27.382,
1896,10,29.175,
1896,11,28.336,
1896,12,26.609,
1897,1,24.356,
1897,2,24.244,
1897,3,25.068,
1897,4,27.777,
1897,5,29.18,
1897,6,28.972,
1897,7,27.46,
1897,8,27.103,
1897,9,27.277,
1897,10,27.612,
1897,11,26.387,
1897,12,24.683,
1898,1,24.264,
1898,2,23.592,
1898,3,26.065,
1898,4,28.146,
1898,5,29.26,
1898,6,28.122,
1898,7,26.754,
1898,8,26.488,
1898,9,26.564,
1898,10,28.551,
1898,11,27.854,
1898,12,26.345,
1899,1,22.759,
1899,2,24.067,
1899,3,26.279,
1899,4,26.984,
1899,5,28.677,
1899,6,27.761,
1899,7,27.397,
1899,8,27.455,
1899,9,27.348,
1899,10,28.757,
1899,11,27.509,
1899,12,26.066,
1900,1,24.31,
1900,2,24.235,
1900,3,25.973,
1900,4,27.596,
1900,5,29.045,
1900,6,29.203,
1900,7,27.852,
1900,8,26.667,
1900,9,26.943,
1900,10,27.724,
1900,11,27.859,
1900,12,26.606,
1901,1,23.87,
1901,2,22.899,
1901,3,26.263,
1901,4,27.854,
1901,5,29.054,
1901,6,28.354,
1901,7,27.166,
1901,8,26.522,
1901,9,27.262,
1901,10,27.998,
1901,11,27.825,
1901,12,26.09,
1902,1,25.241,
1902,2,24.783,
1902,3,26.99,
1902,4,28.175,
1902,5,29.727,
1902,6,28.733,
1902,7,27.721,
1902,8,27.457,
1902,9,26.94,
1902,10,28.782,
1902,11,27.42,
1902,12,25.605,
1903,1,23.996,
1903,2,23.318,
1903,3,24.657,
1903,4,27.09,
1903,5,28.618,
1903,6,28.623,
1903,7,27.087,
1903,8,26.806,
1903,9,27.081,
1903,10,27.459,
1903,11,26.56,
1903,12,24.802,
1904,1,24.566,
1904,2,24.483,
1904,3,25.488,
1904,4,27.515,
1904,5,29.111,
1904,6,28.024,
1904,7,27.015,
1904,8,26.965,
1904,9,26.98,
1904,10,28.216,
1904,11,26.546,
1904,12,25.31,
1905,1,23.253,
1905,2,21.858,
1905,3,24.144,
1905,4,25.626,
1905,5,29.306,
1905,6,29.137,
1905,7,27.437,
1905,8,26.966,
1905,9,27.285,
1905,10,28.509,
1905,11,27.836,
1905,12,24.993,
1906,1,23.477,
1906,2,22.771,
1906,3,24.631,
1906,4,27.104,
1906,5,29.282,
1906,6,27.917,
1906,7,26.953,
1906,8,26.798,
1906,9,26.649,
1906,10,27.766,
1906,11,27.84,
1906,12,25.861,
1907,1,24.74,
1907,2,24.111,
1907,3,25.47,
1907,4,26.818,
1907,5,28.441,
1907,6,28.249,
1907,7,27.195,
1907,8,25.9,
1907,9,26.85,
1907,10,28.194,
1907,11,28.083,
1907,12,25.007,
1908,1,24.038,
1908,2,23.693,
1908,3,24.855,
1908,4,27.689,
1908,5,28.696,
1908,6,28.692,
1908,7,26.405,
1908,8,25.987,
1908,9,26.986,
1908,10,27.963,
1908,11,26.294,
1908,12,24.058,
1909,1,23.69,
1909,2,23.718,
1909,3,26.233,
1909,4,26.824,
1909,5,29.176,
1909,6,27.895,
1909,7,26.269,
1909,8,26.575,
1909,9,26.263,
1909,10,27.341,
1909,11,26.8,
1909,12,25.231,
1910,1,23.88,
1910,2,24.155,
1910,3,25.749,
1910,4,27.359,
1910,5,28.669,
1910,6,27.787,
1910,7,27.13,
1910,8,26.372,
1910,9,26.332,
1910,10,27.069,
1910,11,25.701,
1910,12,24.439,
1911,1,24.462,
1911,2,23.598,
1911,3,24.894,
1911,4,26.739,
1911,5,29.136,
1911,6,27.872,
1911,7,27.35,
1911,8,26.314,
1911,9,27.017,
1911,10,28.521,
1911,11,28.071,
1911,12,26.735,
1912,1,24.811,
1912,2,24.682,
1912,3,25.594,
1912,4,28.158,
1912,5,29.442,
1912,6,29.154,
1912,7,27.327,
1912,8,26.706,
1912,9,27.4,
1912,10,28.129,
1912,11,26.912,
1912,12,25.169,
1913,1,23.796,
1913,2,24.429,
1913,3,24.63,
1913,4,27.599,
1913,5,29.096,
1913,6,27.666,
1913,7,26.823,
1913,8,26.727,
1913,9,27.021,
1913,10,28.118,
1913,11,27.093,
1913,12,25.443,
1914,1,24.463,
1914,2,23.996,
1914,3,24.6,
1914,4,26.675,
1914,5,29.511,
1914,6,28.477,
1914,7,26.867,
1914,8,26.524,
1914,9,27.09,
1914,10,28.48,
1914,11,28.253,
1914,12,25.606,
1915,1,24.266,
1915,2,23.513,
1915,3,25.412,
1915,4,27.498,
1915,5,29.38,
1915,6,29.127,
1915,7,27.725,
1915,8,26.946,
1915,9,27.002,
1915,10,27.722,
1915,11,28.063,
1915,12,24.826,
1916,1,24.539,
1916,2,23.23,
1916,3,26.499,
1916,4,27.522,
1916,5,29.031,
1916,6,27.622,
1916,7,27.506,
1916,8,26.741,
1916,9,26.991,
1916,10,27.66,
1916,11,27.143,
1916,12,24.759,
1917,1,24.3,
1917,2,24.079,
1917,3,25.153,
1917,4,26.672,
1917,5,27.705,
1917,6,27.44,
1917,7,27.322,
1917,8,26.657,
1917,9,26.577,
1917,10,26.895,
1917,11,25.987,
1917,12,24.511,
1918,1,23.696,
1918,2,24.054,
1918,3,25.808,
1918,4,26.403,
1918,5,28.08,
1918,6,27.822,
1918,7,28.055,
1918,8,27.186,
1918,9,27.209,
1918,10,28.527,
1918,11,28.484,
1918,12,25.645,
1919,1,24.547,
1919,2,24.07,
1919,3,25.399,
1919,4,27.022,
1919,5,29.104,
1919,6,27.988,
1919,7,27.125,
1919,8,26.612,
1919,9,27.213,
1919,10,28.003,
1919,11,28.058,
1919,12,25.182,
1920,1,25.36,
1920,2,24.056,
1920,3,26.045,
1920,4,27.253,
1920,5,28.723,
1920,6,28.182,
1920,7,26.873,
1920,8,26.758,
1920,9,27.483,
1920,10,28.633,
1920,11,28.006,
1920,12,25.336,
1921,1,24.529,
1921,2,23.956,
1921,3,26.418,
1921,4,28.082,
1921,5,29.27,
1921,6,28.418,
1921,7,27.12,
1921,8,26.469,
1921,9,26.579,
1921,10,28.05,
1921,11,26.79,
1921,12,25.644,
1922,1,24.384,
1922,2,24.632,
1922,3,25.801,
1922,4,27.837,
1922,5,29.012,
1922,6,28.01,
1922,7,26.546,
1922,8,26.309,
1922,9,26.579,
1922,10,27.999,
1922,11,27.354,
1922,12,24.611,
1923,1,24.454,
1923,2,23.175,
1923,3,25.998,
1923,4,27.123,
1923,5,28.416,
1923,6,29.155,
1923,7,26.569,
1923,8,26.594,
1923,9,26.818,
1923,10,27.785,
1923,11,26.63,
1923,12,25.971,
1924,1,24.417,
1924,2,24.165,
1924,3,27.017,
1924,4,28.133,
1924,5,29.467,
1924,6,28.778,
1924,7,27.521,
1924,8,27.114,
1924,9,26.891,
1924,10,26.848,
1924,11,26.326,
1924,12,25.486,
1925,1,22.915,
1925,2,22.731,
1925,3,26.198,
1925,4,28.408,
1925,5,29.006,
1925,6,27.493,
1925,7,27.002,
1925,8,26.794,
1925,9,27.291,
1925,10,28.82,
1925,11,28.481,
1925,12,25.958,
1926,1,24.93,
1926,2,25.286,
1926,3,25.843,
1926,4,26.215,
1926,5,28.792,
1926,6,29.51,
1926,7,27.711,
1926,8,26.848,
1926,9,26.99,
1926,10,27.97,
1926,11,26.903,
1926,12,25.215,
1927,1,23.904,
1927,2,23.887,
1927,3,25.57,
1927,4,27.278,
1927,5,28.765,
1927,6,27.998,
1927,7,26.755,
1927,8,26.552,
1927,9,27.319,
1927,10,27.898,
1927,11,26.011,
1927,12,25.485,
1928,1,24.742,
1928,2,23.791,
1928,3,25.934,
1928,4,27.707,
1928,5,29.129,
1928,6,28.262,
1928,7,26.904,
1928,8,26.619,
1928,9,26.383,
1928,10,27.801,
1928,11,27.673,
1928,12,25.51,
1929,1,24.115,
1929,2,24.012,
1929,3,26.894,
1929,4,27.708,
1929,5,29.729,
1929,6,27.715,
1929,7,26.975,
1929,8,26.678,
1929,9,27.238,
1929,10,27.812,
1929,11,28.247,
1929,12,25.491,
1930,1,24.199,
1930,2,23.346,
1930,3,25.679,
1930,4,27.24,
1930,5,29.224,
1930,6,28.095,
1930,7,26.702,
1930,8,26.421,
1930,9,26.958,
1930,10,28.542,
1930,11,26.792,
1930,12,26.094,
1931,1,25.255,
1931,2,24.407,
1931,3,25.12,
1931,4,28.304,
1931,5,29.595,
1931,6,29.425,
1931,7,27.05,
1931,8,26.991,
1931,9,27.033,
1931,10,27.039,
1931,11,27.492,
1931,12,25.563,
1932,1,24.862,
1932,2,23.671,
1932,3,25.747,
1932,4,27.19,
1932,5,29.061,
1932,6,28.44,
1932,7,26.928,
1932,8,27.243,
1932,9,27.309,
1932,10,28.588,
1932,11,27.445,
1932,12,25.48,
1933,1,24.358,
1933,2,23.996,
1933,3,25.687,
1933,4,27.445,
1933,5,28.258,
1933,6,27.938,
1933,7,27.566,
1933,8,26.575,
1933,9,26.864,
1933,10,27.724,
1933,11,27.391,
1933,12,25.142,
1934,1,23.253,
1934,2,24.144,
1934,3,25.068,
1934,4,27.758,
1934,5,28.94,
1934,6,28.001,
1934,7,26.924,
1934,8,26.339,
1934,9,26.783,
1934,10,28.071,
1934,11,25.923,
1934,12,25.35,
1935,1,23.266,
1935,2,23.66,
1935,3,25.445,
1935,4,26.334,
1935,5,28.934,
1935,6,28.612,
1935,7,26.953,
1935,8,26.663,
1935,9,26.393,
1935,10,28.223,
1935,11,26.987,
1935,12,25.67,
1936,1,23.618,
1936,2,23.722,
1936,3,25.648,
1936,4,27.116,
1936,5,29.318,
1936,6,27.444,
1936,7,27.238,
1936,8,26.981,
1936,9,27.439,
1936,10,28.164,
1936,11,27.857,
1936,12,25.286,
1937,1,23.513,
1937,2,24.049,
1937,3,24.954,
1937,4,26.744,
1937,5,28.973,
1937,6,28.38,
1937,7,26.547,
1937,8,26.961,
1937,9,27.038,
1937,10,27.632,
1937,11,27.743,
1937,12,24.595,
1938,1,24.317,
1938,2,23.328,
1938,3,26.182,
1938,4,27.966,
1938,5,29.095,
1938,6,27.025,
1938,7,26.704,
1938,8,26.925,
1938,9,26.749,
1938,10,26.644,
1938,11,25.937,
1938,12,25.497,
1939,1,24.81,
1939,2,24.434,
1939,3,24.951,
1939,4,26.818,
1939,5,28.612,
1939,6,28.583,
1939,7,26.931,
1939,8,26.848,
1939,9,26.998,
1939,10,28.177,
1939,11,27.114,
1939,12,25.315,
1940,1,24.3,
1940,2,24.531,
1940,3,24.12,
1940,4,26.795,
1940,5,29.281,
1940,6,28.447,
1940,7,27.165,
1940,8,26.627,
1940,9,27.362,
1940,10,28.182,
1940,11,28.271,
1940,12,25.274,
1941,1,24.046,
1941,2,25.013,
1941,3,26.353,
1941,4,28.335,
1941,5,29.515,
1941,6,29.374,
1941,7,27.65,
1941,8,27.817,
1941,9,27.907,
1941,10,29.198,
1941,11,28.28,
1941,12,26.486,
1942,1,24.257,
1942,2,24.869,
1942,3,26.461,
1942,4,28.419,
1942,5,29.582,
1942,6,28.685,
1942,7,26.911,
1942,8,26.699,
1942,9,26.986,
1942,10,28.28,
1942,11,26.74,
1942,12,25.225,
1943,1,24.136,
1943,2,24.31,
1943,3,26.2,
1943,4,27.325,
1943,5,28.933,
1943,6,27.772,
1943,7,26.7,
1943,8,26.732,
1943,9,26.62,
1943,10,27.668,
1943,11,27.926,
1943,12,25.506,
1944,1,24.216,
1944,2,23.238,
1944,3,24.818,
1944,4,26.839,
1944,5,29.687,
1944,6,29.234,
1944,7,27.047,
1944,8,26.94,
1944,9,27.548,
1944,10,28.122,
1944,11,27.63,
1944,12,26.205,
1945,1,23.202,
1945,2,23.891,
1945,3,26.116,
1945,4,26.889,
1945,5,28.856,
1945,6,28.547,
1945,7,26.975,
1945,8,27.093,
1945,9,27.072,
1945,10,27.762,
1945,11,26.763,
1945,12,24.075,
1946,1,23.917,
1946,2,24.945,
1946,3,25.926,
1946,4,27.858,
1946,5,29.045,
1946,6,27.824,
1946,7,27.14,
1946,8,26.403,
1946,9,26.717,
1946,10,28.593,
1946,11,27.433,
1946,12,26.367,
1947,1,24.481,
1947,2,24.508,
1947,3,25.801,
1947,4,27.122,
1947,5,29.141,
1947,6,29.465,
1947,7,27.484,
1947,8,27.419,
1947,9,26.834,
1947,10,26.653,
1947,11,27.055,
1947,12,25.486,
1948,1,24.516,
1948,2,24.232,
1948,3,26.28,
1948,4,28.167,
1948,5,29.718,
1948,6,28.879,
1948,7,27.544,
1948,8,27.052,
1948,9,26.886,
1948,10,28.057,
1948,11,27.968,
1948,12,25.1,
1949,1,24.921,
1949,2,24.147,
1949,3,26.439,
1949,4,27.883,
1949,5,29.035,
1949,6,28.151,
1949,7,27.569,
1949,8,27.256,
1949,9,26.712,
1949,10,27.917,
1949,11,26.746,
1949,12,24.887,
1950,1,24.028,
1950,2,22.553,
1950,3,25.088,
1950,4,27.288,
1950,5,29.165,
1950,6,28.983,
1950,7,26.905,
1950,8,27.244,
1950,9,27.033,
1950,10,27.344,
1950,11,26.344,
1950,12,24.464,
1951,1,23.778,
1951,2,23.911,
1951,3,25.965,
1951,4,26.818,
1951,5,28.871,
1951,6,28.413,
1951,7,27.348,
1951,8,27.085,
1951,9,28.196,
1951,10,28.713,
1951,11,28.447,
1951,12,25.411,
1952,1,24.666,
1952,2,24.79,
1952,3,25.253,
1952,4,27.844,
1952,5,29.673,
1952,6,28.375,
1952,7,27.386,
1952,8,26.946,
1952,9,27.207,
1952,10,28.067,
1952,11,25.918,
1952,12,26.263,
1953,1,24.089,
1953,2,25.202,
1953,3,27.281,
1953,4,27.725,
1953,5,29.045,
1953,6,28.558,
1953,7,27.09,
1953,8,26.775,
1953,9,27.158,
1953,10,28.312,
1953,11,27.217,
1953,12,25.637,
1954,1,24.107,
1954,2,25.186,
1954,3,26.686,
1954,4,27.715,
1954,5,29.327,
1954,6,28.285,
1954,7,26.686,
1954,8,26.88,
1954,9,26.339,
1954,10,27.187,
1954,11,26.707,
1954,12,25.482,
1955,1,25.011,
1955,2,24.645,
1955,3,26.288,
1955,4,27.127,
1955,5,29.06,
1955,6,28.137,
1955,7,27.38,
1955,8,26.335,
1955,9,27.298,
1955,10,27.753,
1955,11,26.107,
1955,12,25.273,
1956,1,24.227,
1956,2,23.936,
1956,3,26.583,
1956,4,28.102,
1956,5,28.354,
1956,6,27.79,
1956,7,26.201,
1956,8,26.337,
1956,9,26.597,
1956,10,27.538,
1956,11,27.353,
1956,12,25.293,
1957,1,24.493,
1957,2,23.214,
1957,3,24.292,
1957,4,27.258,
1957,5,28.83,
1957,6,29.128,
1957,7,27.25,
1957,8,26.73,
1957,9,27.238,
1957,10,28.545,
1957,11,28.25,
1957,12,26.56,
1958,1,25.326,
1958,2,24.172,
1958,3,26.236,
1958,4,27.869,
1958,5,29.515,
1958,6,29.087,
1958,7,27.326,
1958,8,26.822,
1958,9,27.081,
1958,10,28.025,
1958,11,28.293,
1958,12,26.492,
1959,1,24.7,
1959,2,24.263,
1959,3,26.289,
1959,4,28.244,
1959,5,30.122,
1959,6,28.612,
1959,7,26.72,
1959,8,26.718,
1959,9,26.971,
1959,10,27.366,
1959,11,27.747,
1959,12,26.72,
1960,1,24.553,
1960,2,25.735,
1960,3,25.61,
1960,4,27.658,
1960,5,29.463,
1960,6,28.118,
1960,7,27.518,
1960,8,26.658,
1960,9,27.152,
1960,10,27.721,
1960,11,27.688,
1960,12,26.447,
1961,1,25.002,
1961,2,23.2,
1961,3,26.115,
1961,4,27.371,
1961,5,28.574,
1961,6,27.977,
1961,7,26.419,
1961,8,27.032,
1961,9,26.918,
1961,10,27.188,
1961,11,27.716,
1961,12,25.702,
1962,1,23.101,
1962,2,24.836,
1962,3,25.421,
1962,4,27.107,
1962,5,28.964,
1962,6,28.599,
1962,7,27.013,
1962,8,26.848,
1962,9,26.978,
1962,10,28.196,
1962,11,27.679,
1962,12,25.841,
1963,1,25.188,
1963,2,25.11,
1963,3,26.171,
1963,4,26.957,
1963,5,28.943,
1963,6,28.127,
1963,7,27.14,
1963,8,26.397,
1963,9,26.901,
1963,10,28.146,
1963,11,28.123,
1963,12,26.467,
1964,1,23.061,
1964,2,23.717,
1964,3,26.062,
1964,4,27.87,
1964,5,29.1,
1964,6,28.16,
1964,7,27.01,
1964,8,26.462,
1964,9,26.603,
1964,10,27.405,
1964,11,27.125,
1964,12,25.121,
1965,1,25.183,
1965,2,24.172,
1965,3,25.18,
1965,4,27.21,
1965,5,28.498,
1965,6,28.241,
1965,7,26.757,
1965,8,27.098,
1965,9,27.501,
1965,10,28.535,
1965,11,28.275,
1965,12,26.497,
1966,1,24.97,
1966,2,25.564,
1966,3,25.811,
1966,4,26.885,
1966,5,28.691,
1966,6,28.611,
1966,7,27.602,
1966,8,27.28,
1966,9,27.624,
1966,10,29.19,
1966,11,28.397,
1966,12,25.998,
1967,1,23.964,
1967,2,25.061,
1967,3,26.144,
1967,4,27.796,
1967,5,29.339,
1967,6,28.265,
1967,7,27.009,
1967,8,26.882,
1967,9,27.207,
1967,10,28.124,
1967,11,27.517,
1967,12,26.449,
1968,1,23.587,
1968,2,23.074,
1968,3,26.04,
1968,4,26.677,
1968,5,28.153,
1968,6,28.857,
1968,7,27.593,
1968,8,27.024,
1968,9,27.631,
1968,10,27.98,
1968,11,27.734,
1968,12,25.976,
1969,1,24.229,
1969,2,24.52,
1969,3,26.391,
1969,4,28.188,
1969,5,29.627,
1969,6,28.674,
1969,7,27.441,
1969,8,27.073,
1969,9,26.751,
1969,10,28.387,
1969,11,28.834,
1969,12,27.161,
1970,1,24.599,
1970,2,24.568,
1970,3,25.658,
1970,4,27.835,
1970,5,29.348,
1970,6,27.87,
1970,7,27.384,
1970,8,26.703,
1970,9,26.99,
1970,10,28.207,
1970,11,26.876,
1970,12,24.603,
1971,1,23.843,
1971,2,24.143,
1971,3,26.287,
1971,4,28.297,
1971,5,29.159,
1971,6,27.436,
1971,7,27.219,
1971,8,26.773,
1971,9,27.388,
1971,10,27.031,
1971,11,26.43,
1971,12,25.175,
1972,1,24.385,
1972,2,23.262,
1972,3,26.211,
1972,4,27.303,
1972,5,29.177,
1972,6,29.541,
1972,7,27.666,
1972,8,27.516,
1972,9,28.063,
1972,10,29.387,
1972,11,27.558,
1972,12,26.72,
1973,1,23.788,
1973,2,25.291,
1973,3,26.392,
1973,4,28.671,
1973,5,29.733,
1973,6,28.708,
1973,7,27.056,
1973,8,26.744,
1973,9,26.589,
1973,10,28.112,
1973,11,27.164,
1973,12,26.072,
1974,1,24.505,
1974,2,24.386,
1974,3,26.856,
1974,4,28.399,
1974,5,28.81,
1974,6,28.682,
1974,7,27.413,
1974,8,27.076,
1974,9,27.852,
1974,10,27.801,
1974,11,26.218,
1974,12,25.114,
1975,1,23.896,
1975,2,24.225,
1975,3,25.356,
1975,4,27.854,
1975,5,29.07,
1975,6,27.894,
1975,7,27.099,
1975,8,26.546,
1975,9,26.9,
1975,10,27.676,
1975,11,26.516,
1975,12,24.969,
1976,1,23.897,
1976,2,24.518,
1976,3,26.399,
1976,4,26.639,
1976,5,28.388,
1976,6,27.786,
1976,7,27.275,
1976,8,26.881,
1976,9,27.051,
1976,10,29.229,
1976,11,29.267,
1976,12,26.901,
1977,1,24.585,
1977,2,24.792,
1977,3,27.517,
1977,4,27.786,
1977,5,29.128,
1977,6,28.434,
1977,7,27.044,
1977,8,27.151,
1977,9,27.143,
1977,10,29.005,
1977,11,29.331,
1977,12,26.419,
1978,1,24.417,
1978,2,24.186,
1978,3,24.689,
1978,4,27.373,
1978,5,29.452,
1978,6,27.468,
1978,7,27.144,
1978,8,26.755,
1978,9,27.03,
1978,10,28.437,
1978,11,28.724,
1978,12,26.959,
1979,1,25.217,
1979,2,23.565,
1979,3,25.309,
1979,4,27.45,
1979,5,28.817,
1979,6,28.986,
1979,7,27.815,
1979,8,26.644,
1979,9,27.581,
1979,10,28.636,
1979,11,28.678,
1979,12,26.715,
1980,1,24.733,
1980,2,25.053,
1980,3,26.108,
1980,4,28.57,
1980,5,29.768,
1980,6,27.68,
1980,7,27.395,
1980,8,26.725,
1980,9,27.461,
1980,10,28.601,
1980,11,28.51,
1980,12,25.562,
1981,1,24.377,
1981,2,24.678,
1981,3,26.261,
1981,4,27.634,
1981,5,29.565,
1981,6,29.252,
1981,7,27.208,
1981,8,26.829,
1981,9,27.466,
1981,10,28.704,
1981,11,26.8,
1981,12,26.094,
1982,1,24.818,
1982,2,24.502,
1982,3,25.289,
1982,4,26.984,
1982,5,29.16,
1982,6,28.991,
1982,7,27.681,
1982,8,27.14,
1982,9,27.327,
1982,10,29.267,
1982,11,28.054,
1982,12,26.637,
1983,1,24.22,
1983,2,23.095,
1983,3,24.789,
1983,4,26.285,
1983,5,29.241,
1983,6,29.183,
1983,7,27.734,
1983,8,27.048,
1983,9,27.128,
1983,10,27.622,
1983,11,26.457,
1983,12,25.752,
1984,1,23.637,
1984,2,24.445,
1984,3,27.251,
1984,4,28.561,
1984,5,29.748,
1984,6,28.353,
1984,7,26.841,
1984,8,26.514,
1984,9,26.888,
1984,10,27.919,
1984,11,27.275,
1984,12,26.219,
1985,1,24.501,
1985,2,24.402,
1985,3,26.959,
1985,4,27.46,
1985,5,29.289,
1985,6,27.992,
1985,7,27.158,
1985,8,26.783,
1985,9,27.584,
1985,10,27.399,
1985,11,27.252,
1985,12,26.386,
1986,1,25.021,
1986,2,24.364,
1986,3,26.31,
1986,4,27.854,
1986,5,29.522,
1986,6,28.492,
1986,7,27.608,
1986,8,26.631,
1986,9,27.617,
1986,10,28.57,
1986,11,28.283,
1986,12,25.631,
1987,1,25.444,
1987,2,25.142,
1987,3,26.468,
1987,4,28.08,
1987,5,29.488,
1987,6,28.87,
1987,7,28.141,
1987,8,27.587,
1987,9,28.656,
1987,10,28.969,
1987,11,28.928,
1987,12,27.056,
1988,1,25.834,
1988,2,25.35,
1988,3,25.666,
1988,4,28.242,
1988,5,29.918,
1988,6,29.004,
1988,7,27.272,
1988,8,27.529,
1988,9,27.664,
1988,10,27.928,
1988,11,27.417,
1988,12,26.264,
1989,1,24.358,
1989,2,24.283,
1989,3,25.544,
1989,4,27.266,
1989,5,29.375,
1989,6,27.902,
1989,7,27.362,
1989,8,26.665,
1989,9,27.37,
1989,10,28.173,
1989,11,28.428,
1989,12,26.231,
1990,1,25.761,
1990,2,24.781,
1990,3,25.021,
1990,4,27.014,
1990,5,29.101,
1990,6,28.11,
1990,7,27.355,
1990,8,26.477,
1990,9,27.054,
1990,10,28.027,
1990,11,28.215,
1990,12,26.787,
1991,1,23.931,
1991,2,24.039,
1991,3,25.637,
1991,4,27.849,
1991,5,29.81,
1991,6,28.771,
1991,7,26.909,
1991,8,26.835,
1991,9,27.653,
1991,10,28.332,
1991,11,28.272,
1991,12,25.496,
1992,1,24.587,
1992,2,23.655,
1992,3,25.795,
1992,4,26.797,
1992,5,29.273,
1992,6,29.334,
1992,7,28.111,
1992,8,27.022,
1992,9,27.509,
1992,10,28.066,
1992,11,28.31,
1992,12,26.434,
1993,1,24.933,
1993,2,24.954,
1993,3,25.694,
1993,4,27.161,
1993,5,29.529,
1993,6,28.959,
1993,7,27.556,
1993,8,27.374,
1993,9,26.913,
1993,10,28.332,
1993,11,28.359,
1993,12,26.247,
1994,1,25.26,
1994,2,24.071,
1994,3,26.883,
1994,4,27.366,
1994,5,29.439,
1994,6,28.081,
1994,7,26.852,
1994,8,26.993,
1994,9,26.739,
1994,10,28.569,
1994,11,28.292,
1994,12,25.26,
1995,1,23.575,
1995,2,24.824,
1995,3,25.669,
1995,4,27.595,
1995,5,29.566,
1995,6,29.929,
1995,7,27.779,
1995,8,27.976,
1995,9,27.692,
1995,10,28.623,
1995,11,27.494,
1995,12,26.384,
1996,1,24.869,
1996,2,25.38,
1996,3,27.192,
1996,4,27.764,
1996,5,29.443,
1996,6,29.081,
1996,7,27.485,
1996,8,26.927,
1996,9,27.365,
1996,10,27.769,
1996,11,27.261,
1996,12,26.477,
1997,1,24.12,
1997,2,23.586,
1997,3,26.664,
1997,4,26.892,
1997,5,29.12,
1997,6,28.466,
1997,7,28.106,
1997,8,27.41,
1997,9,27.825,
1997,10,28.814,
1997,11,29.153,
1997,12,26.065,
1998,1,25.202,
1998,2,24.647,
1998,3,25.877,
1998,4,28.454,
1998,5,30.659,
1998,6,29.408,
1998,7,28.08,
1998,8,27.918,
1998,9,27.697,
1998,10,28.231,
1998,11,28.125,
1998,12,26.266,
1999,1,24.259,
1999,2,25.874,
1999,3,26.611,
1999,4,27.852,
1999,5,28.708,
1999,6,27.982,
1999,7,27.599,
1999,8,27.424,
1999,9,27.473,
1999,10,28.354,
1999,11,27.978,
1999,12,26.32,
2000,1,25.599,
2000,2,24.076,
2000,3,25.489,
2000,4,28.188,
2000,5,28.86,
2000,6,28.342,
2000,7,27.188,
2000,8,27.461,
2000,9,27.997,
2000,10,28.82,
2000,11,28.265,
2000,12,26.159,
2001,1,24.912,
2001,2,24.375,
2001,3,25.555,
2001,4,27.918,
2001,5,29.255,
2001,6,28.288,
2001,7,27.211,
2001,8,27.265,
2001,9,28.02,
2001,10,28.558,
2001,11,28.595,
2001,12,26.972,
2002,1,24.605,
2002,2,25.46,
2002,3,26.802,
2002,4,28.526,
2002,5,30.102,
2002,6,28.512,
2002,7,28.483,
2002,8,26.876,
2002,9,27.784,
2002,10,29.325,
2002,11,28.426,
2002,12,26.643,
2003,1,25.877,
2003,2,25.688,
2003,3,26.58,
2003,4,28.113,
2003,5,29.657,
2003,6,28.692,
2003,7,27.688,
2003,8,27.551,
2003,9,27.523,
2003,10,28.915,
2003,11,28.787,
2003,12,25.87,
2004,1,24.406,
2004,2,24.867,
2004,3,27.441,
2004,4,27.998,
2004,5,29.498,
2004,6,28.333,
2004,7,27.505,
2004,8,26.875,
2004,9,27.612,
2004,10,27.983,
2004,11,28.712,
2004,12,26.595,
2005,1,24.447,
2005,2,24.707,
2005,3,25.961,
2005,4,28.128,
2005,5,29.409,
2005,6,29.042,
2005,7,27.677,
2005,8,26.98,
2005,9,27.015,
2005,10,28.06,
2005,11,27.337,
2005,12,25.666,
2006,1,25.09,
2006,2,26.188,
2006,3,26.133,
2006,4,27.467,
2006,5,29.352,
2006,6,28.426,
2006,7,27.28,
2006,8,26.671,
2006,9,27.629,
2006,10,28.945,
2006,11,28.643,
2006,12,26.754,
2007,1,25.55,
2007,2,25.333,
2007,3,26.871,
2007,4,28.492,
2007,5,29.853,
2007,6,28.843,
2007,7,27.93,
2007,8,27.372,
2007,9,27.63,
2007,10,28.747,
2007,11,28.183,
2007,12,26.812,
2008,1,24.271,
2008,2,23.495,
2008,3,26.442,
2008,4,27.982,
2008,5,29.54,
2008,6,28.223,
2008,7,27.554,
2008,8,26.831,
2008,9,27.193,
2008,10,28.655,
2008,11,28.512,
2008,12,27.435,
2009,1,25.783,
2009,2,25.766,
2009,3,27.193,
2009,4,28.936,
2009,5,29.735,
2009,6,29.548,
2009,7,27.385,
2009,8,27.852,
2009,9,28.173,
2009,10,28.396,
2009,11,28.324,
2009,12,27.043,
2010,1,26.12,
2010,2,25.615,
2010,3,27.362,
2010,4,29.178,
2010,5,30.682,
2010,6,28.881,
2010,7,27.364,
2010,8,27.279,
2010,9,27.587,
2010,10,28.774,
2010,11,28.883,
2010,12,25.46,
2011,1,24.543,
2011,2,25.031,
2011,3,26.99,
2011,4,27.716,
2011,5,29.546,
2011,6,28.394,
2011,7,27.133,
2011,8,27.122,
2011,9,27.39,
2011,10,28.864,
2011,11,29.04,
2011,12,26.85,
2012,1,23.844,
2012,2,24.693,
2012,3,25.574,
2012,4,28.223,
2012,5,29.235,
2012,6,28.847,
2012,7,27.941,
2012,8,27.405,
2012,9,27.491,
2012,10,28.689,
2012,11,27.54,
2012,12,26.828,
