Date,Discharge,Code
6/1/2004,6170,A
6/2/2004,6590,A
6/3/2004,6210,A
6/4/2004,7120,A
6/5/2004,6990,A
6/6/2004,6160,A
6/7/2004,5570,A
6/8/2004,4500,A
6/9/2004,4940,A
6/10/2004,4550,A
6/11/2004,3690,A
6/12/2004,3780,A
6/13/2004,3660,A
6/14/2004,3020,A
6/15/2004,3680,A
6/16/2004,3390,A
6/17/2004,3090,A
6/18/2004,2980,A
6/19/2004,2950,A
6/20/2004,3940,A
6/21/2004,2990,A
6/22/2004,2980,A
6/23/2004,2910,A
6/24/2004,2720,A
6/25/2004,2970,A
6/26/2004,2740,A
6/27/2004,2910,A
6/28/2004,2730,A
6/29/2004,2930,A
6/30/2004,2860,A
7/1/2004,2650,A
7/2/2004,3170,A
7/3/2004,2970,A
7/4/2004,3010,A
7/5/2004,2850,A
7/6/2004,5150,A
7/7/2004,3350,A
7/8/2004,2790,A
7/9/2004,2750,A
7/10/2004,3210,A
7/11/2004,3210,A
7/12/2004,4190,A
7/13/2004,3360,A
7/14/2004,2920,A
7/15/2004,2810,A
7/16/2004,2750,A
7/17/2004,3050,A
7/18/2004,4670,A
7/19/2004,4920,A
7/20/2004,4160,A
7/21/2004,4960,A
7/22/2004,5200,A
7/23/2004,4050,A
7/24/2004,7070,A
7/25/2004,10600,A
7/26/2004,5890,A
7/27/2004,5030,A
7/28/2004,4640,A
7/29/2004,4260,A
7/30/2004,3650,A
7/31/2004,3480,A
8/1/2004,4060,A
8/2/2004,3780,A
8/3/2004,3670,A
8/4/2004,3860,A
8/5/2004,4200,A
8/6/2004,3760,A
8/7/2004,3300,A
8/8/2004,3590,A
8/9/2004,3900,A
8/10/2004,3390,A
8/11/2004,3450,A
8/12/2004,3390,A
8/13/2004,6180,A
8/14/2004,14100,A
8/15/2004,12100,A
8/16/2004,9420,A
8/17/2004,7750,A
8/18/2004,7410,A
8/19/2004,6950,A
8/20/2004,7640,A
8/21/2004,8210,A
8/22/2004,9630,A
8/23/2004,9180,A
8/24/2004,7960,A
8/25/2004,7300,A
8/26/2004,6920,A
8/27/2004,6310,A
8/28/2004,6630,A
8/29/2004,6360,A
8/30/2004,6320,A
8/31/2004,7170,A
9/1/2004,8990,A
9/2/2004,8730,A
9/3/2004,6780,A
9/4/2004,6610,A
9/5/2004,5560,A
9/6/2004,6010,A
9/7/2004,5790,A
9/8/2004,6650,A
9/9/2004,7610,A
9/10/2004,10300,A
9/11/2004,10700,A
9/12/2004,9070,A
9/13/2004,8350,A
9/14/2004,7600,A
9/15/2004,7340,A
9/16/2004,7150,A
9/17/2004,7130,A
9/18/2004,7410,A
9/19/2004,7850,A
9/20/2004,7990,A
9/21/2004,7770,A
9/22/2004,7210,A
9/23/2004,7060,A
9/24/2004,6980,A
9/25/2004,6510,A
9/26/2004,6330,A
9/27/2004,6540,A
9/28/2004,6460,A
9/29/2004,6490,A
9/30/2004,6190,A
10/1/2004,5840,A
10/2/2004,5550,A
10/3/2004,5490,A
10/4/2004,5710,A
10/5/2004,5740,A
10/6/2004,5680,A
10/7/2004,5510,A
10/8/2004,5420,A
10/9/2004,5130,A
10/10/2004,4500,A
10/11/2004,4490,A
10/12/2004,4480,A
10/13/2004,4570,A
10/14/2004,4460,A
10/15/2004,4730,A
10/16/2004,5900,A
10/17/2004,10500,A
10/18/2004,9090,A
10/19/2004,6610,A
10/20/2004,5110,A
10/21/2004,4660,A
10/22/2004,4490,A
10/23/2004,4620,A
10/24/2004,4700,A
10/25/2004,4270,A
10/26/2004,4410,A
10/27/2004,4420,A
10/28/2004,3500,A
10/29/2004,3660,A
10/30/2004,3750,A
10/31/2004,3370,A
11/1/2004,3700,A
11/2/2004,4190,A
11/3/2004,4430,A
11/4/2004,4000,A
11/5/2004,5800,A
11/6/2004,5590,A
11/7/2004,5580,A
11/8/2004,5420,A
11/9/2004,5340,A
11/10/2004,4350,A
11/11/2004,4710,A
11/12/2004,4070,A
11/13/2004,4190,A
11/14/2004,4180,A
11/15/2004,3710,A
11/16/2004,4270,A
11/17/2004,4290,A
11/18/2004,3590,A
11/19/2004,4180,A
11/20/2004,3700,A
11/21/2004,3640,A
11/22/2004,4190,A
11/23/2004,3780,A
11/24/2004,3540,A
11/25/2004,6200,A
11/26/2004,12400,A
11/27/2004,9750,A
11/28/2004,7500,A
11/29/2004,28900,A
11/30/2004,29600,A
12/1/2004,21100,A
12/2/2004,35200,A
12/3/2004,24200,A
12/4/2004,19000,A
12/5/2004,15600,A
12/6/2004,13100,A
12/7/2004,11400,A
12/8/2004,10300,A
12/9/2004,8420,A
12/10/2004,6580,A
12/11/2004,7680,A:e
12/12/2004,7640,A:e
12/13/2004,7250,A:e
12/14/2004,6750,A:e
12/15/2004,5920,A:e
12/16/2004,5780,A:e
12/17/2004,5780,A:e
12/18/2004,5470,A:e
12/19/2004,5320,A:e
12/20/2004,5320,A:e
12/21/2004,5340,A:e
12/22/2004,5330,A:e
12/23/2004,5310,A:e
12/24/2004,21700,A
12/25/2004,25300,A
12/26/2004,15600,A
12/27/2004,12100,A:e
12/28/2004,9520,A:e
12/29/2004,9340,A:e
12/30/2004,8580,A:e
12/31/2004,7970,A:e
1/1/2005,7460,A:e
1/2/2005,7080,A:e
1/3/2005,6920,A:e
1/4/2005,6780,A:e
1/5/2005,7040,A:e
1/6/2005,7010,A:e
1/7/2005,6870,A:e
1/8/2005,6920,A:e
1/9/2005,6810,A:e
1/10/2005,6770,A:e
1/11/2005,6720,A:e
1/12/2005,6540,A:e
1/13/2005,6520,A:e
1/14/2005,7120,A:e
1/15/2005,8190,A:e
1/16/2005,8620,A:e
1/17/2005,7860,A:e
1/18/2005,7260,A:e
1/19/2005,6890,A:e
1/20/2005,7000,A:e
1/21/2005,6610,A:e
1/22/2005,6610,A:e
1/23/2005,6470,A:e
1/24/2005,6320,A:e
1/25/2005,6200,A:e
1/26/2005,5610,A:e
1/27/2005,5470,A:e
1/28/2005,6480,A:e
1/29/2005,6460,A:e
1/30/2005,6410,A:e
1/31/2005,6210,A:e
2/1/2005,6050,A:e
2/2/2005,5960,A:e
2/3/2005,5920,A:e
2/4/2005,5820,A:e
2/5/2005,5730,A:e
2/6/2005,5670,A:e
2/7/2005,5670,A:e
2/8/2005,5500,A:e
2/9/2005,5520,A:e
2/10/2005,5460,A:e
2/11/2005,5350,A:e
2/12/2005,5800,A:e
2/13/2005,5800,A:e
2/14/2005,5820,A:e
2/15/2005,6030,A:e
2/16/2005,6250,A:e
2/17/2005,7650,A:e
2/18/2005,8740,A:e
2/19/2005,8540,A:e
2/20/2005,8210,A:e
2/21/2005,7830,A:e
2/22/2005,7670,A:e
2/23/2005,7670,A:e
2/24/2005,7160,A:e
2/25/2005,7310,A:e
2/26/2005,7120,A:e
2/27/2005,6930,A:e
2/28/2005,6850,A:e
3/1/2005,6820,A:e
3/2/2005,6790,A:e
3/3/2005,6700,A:e
3/4/2005,6710,A:e
3/5/2005,6600,A:e
3/6/2005,6570,A:e
3/7/2005,6570,A:e
3/8/2005,6600,A:e
3/9/2005,6600,A:e
3/10/2005,6780,A:e
3/11/2005,6650,A:e
3/12/2005,6620,A:e
3/13/2005,6730,A:e
3/14/2005,6660,A:e
3/15/2005,6550,A:e
3/16/2005,6510,A:e
3/17/2005,7240,A:e
3/18/2005,7570,A:e
3/19/2005,7400,A:e
3/20/2005,7740,A:e
3/21/2005,8410,A:e
3/22/2005,8800,A:e
3/23/2005,9280,A:e
3/24/2005,9380,A:e
3/25/2005,9060,A:e
3/26/2005,8540,A:e
3/27/2005,8170,A:e
3/28/2005,9150,A:e
3/29/2005,14100,A:e
3/30/2005,20000,A:e
3/31/2005,22600,A:e
4/1/2005,23800,A:e
4/2/2005,23900,A:e
4/3/2005,45500,A
4/4/2005,87700,A
4/5/2005,62400,A
4/6/2005,50700,A
4/7/2005,50000,A
4/8/2005,47300,A
4/9/2005,44200,A
4/10/2005,37500,A
4/11/2005,34300,A
4/12/2005,30400,A
4/13/2005,25900,A
4/14/2005,21400,A
4/15/2005,18600,A
4/16/2005,16000,A
4/17/2005,15400,A
4/18/2005,14400,A
4/19/2005,19000,A
4/20/2005,17800,A
4/21/2005,22600,A
4/22/2005,23000,A
4/23/2005,19300,A
4/24/2005,23100,A
4/25/2005,55800,A
4/26/2005,65700,A
4/27/2005,58100,A
4/28/2005,67900,A
4/29/2005,85100,A
4/30/2005,59900,A
5/1/2005,48300,A
5/2/2005,42200,A
5/3/2005,35300,A
5/4/2005,30900,A
5/5/2005,26800,A
5/6/2005,23000,A
5/7/2005,21600,A
5/8/2005,25500,A
5/9/2005,25900,A
5/10/2005,23100,A
5/11/2005,20700,A
5/12/2005,16800,A
5/13/2005,16500,A
5/14/2005,15200,A
5/15/2005,13800,A
5/16/2005,11000,A
5/17/2005,12600,A
5/18/2005,11700,A
5/19/2005,10500,A
5/20/2005,10000,A
5/21/2005,10000,A
5/22/2005,10500,A
5/23/2005,16700,A
5/24/2005,27200,A
5/25/2005,29400,A
5/26/2005,34200,A
5/27/2005,76100,A
5/28/2005,67000,A
5/29/2005,47100,A
5/30/2005,32700,A
5/31/2005,34200,A
6/1/2005,30600,A
6/2/2005,23700,A
6/3/2005,18400,A
6/4/2005,15700,A
6/5/2005,13600,A
6/6/2005,11900,A
6/7/2005,10000,A
6/8/2005,8340,A
6/9/2005,10100,A
6/10/2005,10300,A
6/11/2005,10400,A
6/12/2005,10500,A
6/13/2005,10100,A
6/14/2005,10200,A
6/15/2005,19300,A
6/16/2005,20300,A
6/17/2005,21600,A
6/18/2005,24900,A
6/19/2005,26300,A
6/20/2005,21500,A
6/21/2005,14900,A
6/22/2005,13600,A
6/23/2005,11500,A
6/24/2005,10800,A
6/25/2005,9310,A
6/26/2005,8230,A
6/27/2005,7380,A
6/28/2005,7000,A
6/29/2005,6790,A
6/30/2005,4540,A
7/1/2005,6400,A
7/2/2005,6220,A
7/3/2005,5800,A
7/4/2005,5600,A
7/5/2005,5660,A
7/6/2005,5710,A
7/7/2005,5570,A
7/8/2005,5850,A
7/9/2005,6070,A
7/10/2005,10400,A
7/11/2005,11700,A
7/12/2005,7360,A
7/13/2005,5800,A
7/14/2005,4900,A
7/15/2005,5460,A
7/16/2005,5310,A
7/17/2005,5840,A
7/18/2005,5620,A
7/19/2005,4980,A
7/20/2005,5090,A
7/21/2005,5210,A
7/22/2005,5080,A
7/23/2005,4890,A
7/24/2005,4890,A
7/25/2005,4710,A
7/26/2005,4790,A
7/27/2005,4840,A
7/28/2005,5710,A
7/29/2005,5390,A
7/30/2005,5530,A
7/31/2005,4990,A
8/1/2005,4770,A
8/2/2005,4710,A
8/3/2005,4820,A
8/4/2005,4030,A
8/5/2005,3880,A
8/6/2005,3860,A
8/7/2005,3790,A
8/8/2005,3670,A
8/9/2005,3830,A
8/10/2005,3780,A
8/11/2005,3610,A
8/12/2005,3530,A
8/13/2005,3510,A
8/14/2005,2760,A
8/15/2005,3040,A
8/16/2005,2760,A
8/17/2005,2840,A
8/18/2005,2640,A
8/19/2005,2560,A
8/20/2005,2720,A
8/21/2005,3080,A
8/22/2005,3370,A
8/23/2005,3210,A
8/24/2005,2600,A
8/25/2005,2170,A
8/26/2005,2470,A
8/27/2005,2020,A
8/28/2005,1930,A
8/29/2005,2110,A
8/30/2005,2690,A
8/31/2005,3770,A
9/1/2005,14100,A
9/2/2005,14600,A
9/3/2005,8350,A
9/4/2005,6020,A
9/5/2005,5370,A
9/6/2005,4490,A
9/7/2005,2920,A
9/8/2005,3780,A
9/9/2005,4480,A
9/10/2005,3760,A
9/11/2005,3810,A
9/12/2005,4000,A
9/13/2005,4070,A
9/14/2005,3840,A
9/15/2005,4010,A
9/16/2005,3780,A
9/17/2005,4580,A
9/18/2005,4400,A
9/19/2005,5040,A
9/20/2005,4510,A
9/21/2005,4210,A
9/22/2005,4150,A
9/23/2005,4670,A
9/24/2005,4580,A
9/25/2005,4470,A
9/26/2005,4710,A
9/27/2005,4910,A
9/28/2005,4900,A
9/29/2005,5060,A
9/30/2005,5710,A
10/1/2005,5930,A
10/2/2005,6440,A
10/3/2005,5670,A
10/4/2005,5220,A
10/5/2005,5160,A
10/6/2005,4980,A
10/7/2005,5420,A
10/8/2005,7880,A
10/9/2005,34800,A
10/10/2005,61300,A
10/11/2005,35900,A
10/12/2005,26400,A
10/13/2005,21800,A
10/14/2005,18200,A
10/15/2005,19900,A
10/16/2005,66900,A
10/17/2005,62000,A
10/18/2005,40800,A
10/19/2005,33200,A
10/20/2005,25400,A
10/21/2005,21700,A
10/22/2005,19600,A
10/23/2005,21000,A
10/24/2005,28300,A
10/25/2005,27200,A
10/26/2005,58700,A
10/27/2005,54800,A
10/28/2005,39500,A
10/29/2005,31400,A
10/30/2005,25700,A
10/31/2005,22300,A
11/1/2005,21000,A
11/2/2005,23300,A
11/3/2005,27000,A
11/4/2005,24000,A
11/5/2005,21000,A
11/6/2005,17900,A
11/7/2005,18000,A
11/8/2005,23300,A
11/9/2005,21000,A
11/10/2005,23200,A
11/11/2005,27500,A
11/12/2005,25200,A
11/13/2005,21500,A
11/14/2005,19000,A
11/15/2005,18500,A
11/16/2005,21200,A
11/17/2005,38700,A
11/18/2005,39700,A
11/19/2005,30800,A
11/20/2005,27400,A
11/21/2005,23200,A
11/22/2005,27000,A
11/23/2005,48400,A
11/24/2005,42200,A
11/25/2005,33100,A
11/26/2005,25800,A
11/27/2005,21700,A
11/28/2005,21900,A
11/29/2005,21400,A
11/30/2005,30100,A
12/1/2005,58400,A
12/2/2005,46900,A
12/3/2005,39000,A
12/4/2005,31400,A
12/5/2005,26100,A
12/6/2005,21400,A
12/7/2005,18700,A
12/8/2005,16100,A:e
12/9/2005,14000,A:e
12/10/2005,12700,A:e
12/11/2005,11100,A:e
12/12/2005,10700,A:e
12/13/2005,8690,A:e
12/14/2005,6970,A:e
12/15/2005,5770,A:e
12/16/2005,6780,A:e
12/17/2005,8140,A:e
12/18/2005,8360,A:e
12/19/2005,8360,A:e
12/20/2005,8350,A:e
12/21/2005,7970,A:e
12/22/2005,7470,A:e
12/23/2005,7610,A:e
12/24/2005,7410,A:e
12/25/2005,7500,A:e
12/26/2005,9960,A:e
12/27/2005,12600,A:e
12/28/2005,12200,A:e
12/29/2005,11600,A:e
12/30/2005,21100,A:e
12/31/2005,20300,A:e
1/1/2006,17400,A:e
1/2/2006,15100,A:e
1/3/2006,13200,A:e
1/4/2006,11700,A:e
1/5/2006,10200,A:e
1/6/2006,9470,A:e
1/7/2006,8880,A:e
1/8/2006,8370,A:e
1/9/2006,7900,A:e
1/10/2006,8000,A:e
1/11/2006,8160,A:e
1/12/2006,8650,A:e
1/13/2006,10400,A:e
1/14/2006,14000,A:e
1/15/2006,34100,A
1/16/2006,27000,A
1/17/2006,21400,A
1/18/2006,23300,A
1/19/2006,43200,A
1/20/2006,34900,A
1/21/2006,28000,A
1/22/2006,24200,A
1/23/2006,21100,A:e
1/24/2006,18300,A:e
1/25/2006,17000,A:e
1/26/2006,15300,A:e
1/27/2006,13600,A:e
1/28/2006,12500,A:e
1/29/2006,11700,A:e
1/30/2006,11500,A:e
1/31/2006,11300,A:e
2/1/2006,11000,A:e
2/2/2006,10500,A:e
2/3/2006,11200,A:e
2/4/2006,16500,A:e
2/5/2006,26000,A
2/6/2006,34300,A
2/7/2006,27500,A
2/8/2006,21600,A:e
2/9/2006,18300,A:e
2/10/2006,16000,A:e
2/11/2006,14600,A:e
2/12/2006,13500,A:e
2/13/2006,13100,A:e
2/14/2006,12500,A:e
2/15/2006,11800,A:e
2/16/2006,11400,A:e
2/17/2006,11500,A:e
2/18/2006,11400,A:e
2/19/2006,10800,A:e
2/20/2006,11200,A:e
2/21/2006,10900,A:e
2/22/2006,10600,A:e
2/23/2006,10500,A:e
2/24/2006,10400,A:e
2/25/2006,10300,A:e
2/26/2006,10400,A:e
2/27/2006,10200,A:e
2/28/2006,10100,A:e
3/1/2006,10400,A:e
3/2/2006,10300,A:e
3/3/2006,10000,A:e
3/4/2006,9210,A:e
3/5/2006,8630,A:e
3/6/2006,8870,A:e
3/7/2006,9050,A:e
3/8/2006,9230,A:e
3/9/2006,8930,A:e
3/10/2006,8880,A:e
3/11/2006,8650,A:e
3/12/2006,8540,A:e
3/13/2006,9110,A:e
3/14/2006,11500,A
3/15/2006,17600,A
3/16/2006,14600,A
3/17/2006,11300,A
3/18/2006,9950,A
3/19/2006,9000,A
3/20/2006,8290,A
3/21/2006,7340,A
3/22/2006,7030,A
3/23/2006,7190,A
3/24/2006,7640,A
3/25/2006,8080,A
3/26/2006,8360,A
3/27/2006,8870,A
3/28/2006,8710,A
3/29/2006,8180,A
3/30/2006,8320,A
3/31/2006,8090,A
4/1/2006,9630,A
4/2/2006,12200,A
4/3/2006,12800,A
4/4/2006,12700,A
4/5/2006,16100,A
4/6/2006,16500,A
4/7/2006,12200,A
4/8/2006,11400,A
4/9/2006,10900,A
4/10/2006,9800,A
4/11/2006,9270,A
4/12/2006,9190,A
4/13/2006,9260,A
4/14/2006,10200,A
4/15/2006,10700,A
4/16/2006,13300,A
4/17/2006,13400,A
4/18/2006,12000,A
4/19/2006,10700,A
4/20/2006,9640,A
4/21/2006,8570,A
4/22/2006,7990,A
4/23/2006,7430,A
4/24/2006,7150,A
4/25/2006,7180,A
4/26/2006,7250,A
4/27/2006,7140,A
4/28/2006,6360,A
4/29/2006,3960,A
4/30/2006,3850,A
5/1/2006,4780,A
5/2/2006,5630,A
5/3/2006,8710,A
5/4/2006,9140,A
5/5/2006,8220,A
5/6/2006,8240,A
5/7/2006,6950,A
5/8/2006,5470,A
5/9/2006,5890,A
5/10/2006,5710,A
5/11/2006,6490,A
5/12/2006,9570,A
5/13/2006,19500,A
5/14/2006,20600,A
5/15/2006,11800,A
5/16/2006,11200,A
5/17/2006,16400,A
5/18/2006,14900,A
5/19/2006,18000,A
5/20/2006,20600,A
5/21/2006,21700,A
5/22/2006,20100,A
5/23/2006,22300,A
5/24/2006,19300,A
5/25/2006,13900,A
5/26/2006,11500,A
5/27/2006,10500,A
5/28/2006,9240,A
5/29/2006,9910,A
5/30/2006,10700,A
5/31/2006,9850,A
6/1/2006,10400,A
6/2/2006,9950,A
6/3/2006,9140,A
6/4/2006,17200,A
6/5/2006,21200,A
6/6/2006,19600,A
6/7/2006,17500,A
6/8/2006,20500,A
6/9/2006,33000,A
6/10/2006,41800,A
6/11/2006,60000,A
6/12/2006,53000,A
6/13/2006,43400,A
6/14/2006,32500,A
6/15/2006,27100,A
6/16/2006,22100,A
6/17/2006,16100,A
6/18/2006,13500,A
6/19/2006,11200,A
6/20/2006,13400,A
6/21/2006,19400,A
6/22/2006,14300,A
6/23/2006,10900,A
6/24/2006,10200,A
6/25/2006,10700,A
6/26/2006,10200,A
6/27/2006,11100,A
6/28/2006,10900,A
6/29/2006,10400,A
6/30/2006,11300,A
7/1/2006,10500,A
7/2/2006,9230,A
7/3/2006,9250,A
7/4/2006,9170,A
7/5/2006,11300,A
7/6/2006,14200,A
7/7/2006,13200,A
7/8/2006,9450,A
7/9/2006,7280,A
7/10/2006,5790,A
7/11/2006,6160,A
7/12/2006,7280,A
7/13/2006,6840,A
7/14/2006,6530,A
7/15/2006,6090,A
7/16/2006,5990,A
7/17/2006,6200,A
7/18/2006,5810,A
7/19/2006,5770,A
7/20/2006,5520,A
7/21/2006,6490,A
7/22/2006,5600,A
7/23/2006,4810,A
7/24/2006,7450,A
7/25/2006,6840,A
7/26/2006,6140,A
7/27/2006,6430,A
7/28/2006,9830,A
7/29/2006,14900,A
7/30/2006,10900,A
7/31/2006,9110,A
8/1/2006,7560,A
8/2/2006,7970,A
8/3/2006,10500,A
8/4/2006,14100,A
8/5/2006,11200,A
8/6/2006,7920,A
8/7/2006,6950,A
8/8/2006,6980,A
8/9/2006,6080,A
8/10/2006,5680,A
8/11/2006,5120,A
8/12/2006,4820,A
8/13/2006,5050,A
8/14/2006,4640,A
8/15/2006,4830,A
8/16/2006,4860,A
8/17/2006,4670,A
8/18/2006,4440,A
8/19/2006,4230,A
8/20/2006,6340,A
8/21/2006,8100,A
8/22/2006,7900,A
8/23/2006,6290,A
8/24/2006,5320,A
8/25/2006,4290,A
8/26/2006,4360,A
8/27/2006,4110,A
8/28/2006,4720,A
8/29/2006,6280,A
8/30/2006,7340,A
8/31/2006,6160,A
9/1/2006,5970,A
9/2/2006,5470,A
9/3/2006,5610,A
9/4/2006,5650,A
9/5/2006,5600,A
9/6/2006,5360,A
9/7/2006,5500,A
9/8/2006,5810,A
9/9/2006,6030,A
9/10/2006,6390,A
9/11/2006,6250,A
9/12/2006,6280,A
9/13/2006,6480,A
9/14/2006,6520,A
9/15/2006,6620,A
9/16/2006,6570,A
9/17/2006,6290,A
9/18/2006,5700,A
9/19/2006,5180,A
9/20/2006,5720,A
9/21/2006,5530,A
9/22/2006,5460,A
9/23/2006,5110,A
9/24/2006,5960,A
9/25/2006,7400,A
9/26/2006,5180,A
9/27/2006,5060,A
9/28/2006,5160,A
9/29/2006,4900,A
9/30/2006,5210,A
10/1/2006,5390,A
10/2/2006,5920,A
10/3/2006,6100,A
10/4/2006,5850,A
10/5/2006,5220,A
10/6/2006,5650,A
10/7/2006,5520,A
10/8/2006,4640,A
10/9/2006,5030,A
10/10/2006,4940,A
10/11/2006,4590,A
10/12/2006,10200,A
10/13/2006,20600,A
10/14/2006,12800,A
10/15/2006,12100,A
10/16/2006,9220,A
10/17/2006,7770,A
10/18/2006,6690,A
10/19/2006,12400,A
10/20/2006,11400,A
10/21/2006,35000,A
10/22/2006,35400,A
10/23/2006,23300,A
10/24/2006,18900,A
10/25/2006,17400,A
10/26/2006,14800,A
10/27/2006,13700,A
10/28/2006,13400,A
10/29/2006,54300,A
10/30/2006,45700,A
10/31/2006,32000,A
11/1/2006,25200,A
11/2/2006,21600,A
11/3/2006,18700,A
11/4/2006,16500,A
11/5/2006,14800,A
11/6/2006,12800,A
11/7/2006,11300,A
11/8/2006,9660,A
11/9/2006,10800,A
11/10/2006,15200,A
11/11/2006,15800,A
11/12/2006,14500,A
11/13/2006,12700,A
11/14/2006,16700,A
11/15/2006,29200,A
11/16/2006,25700,A
11/17/2006,35300,A
11/18/2006,52600,A
11/19/2006,37400,A
11/20/2006,29800,A
11/21/2006,21800,A
11/22/2006,18400,A
11/23/2006,16000,A
11/24/2006,14400,A
11/25/2006,13200,A
11/26/2006,12300,A
11/27/2006,11200,A
11/28/2006,8570,A
11/29/2006,7950,A
11/30/2006,11900,A
12/1/2006,14600,A
12/2/2006,21100,A
12/3/2006,21300,A
12/4/2006,17900,A
12/5/2006,13900,A
12/6/2006,11600,A
12/7/2006,10900,A
12/8/2006,11200,A
12/9/2006,10000,A
12/10/2006,9350,A
12/11/2006,9730,A
12/12/2006,9570,A
12/13/2006,9130,A
12/14/2006,10200,A
12/15/2006,10100,A
12/16/2006,10300,A
12/17/2006,9610,A
12/18/2006,9610,A
12/19/2006,8990,A
12/20/2006,9390,A
12/21/2006,8550,A
12/22/2006,8650,A
12/23/2006,9740,A
12/24/2006,15800,A
12/25/2006,14200,A
12/26/2006,12900,A
12/27/2006,13400,A
12/28/2006,12100,A
12/29/2006,11100,A
12/30/2006,9990,A
12/31/2006,9020,A
1/1/2007,9530,A
1/2/2007,9940,A
1/3/2007,9620,A:e
1/4/2007,9250,A:e
1/5/2007,9060,A:e
1/6/2007,10500,A:e
1/7/2007,16800,A
1/8/2007,15400,A
1/9/2007,14300,A:e
1/10/2007,12900,A:e
1/11/2007,11600,A:e
1/12/2007,11000,A:e
1/13/2007,11200,A:e
1/14/2007,10900,A:e
1/15/2007,10100,A:e
1/16/2007,9470,A:e
1/17/2007,8150,A:e
1/18/2007,7950,A:e
1/19/2007,9060,A:e
1/20/2007,9140,A:e
1/21/2007,8750,A:e
1/22/2007,8600,A:e
1/23/2007,8740,A:e
1/24/2007,8720,A:e
1/25/2007,8460,A:e
1/26/2007,8320,A:e
1/27/2007,8110,A:e
1/28/2007,8250,A:e
1/29/2007,8140,A:e
1/30/2007,8310,A:e
1/31/2007,8110,A:e
2/1/2007,8010,A:e
2/2/2007,7980,A:e
2/3/2007,8090,A:e
2/4/2007,8020,A:e
2/5/2007,8060,A:e
2/6/2007,7700,A:e
2/7/2007,7730,A:e
2/8/2007,7990,A:e
2/9/2007,7960,A:e
2/10/2007,8030,A:e
2/11/2007,7930,A:e
2/12/2007,7990,A:e
2/13/2007,8060,A:e
2/14/2007,7830,A:e
2/15/2007,7600,A:e
2/16/2007,7540,A:e
2/17/2007,7670,A:e
2/18/2007,7800,A:e
2/19/2007,7670,A:e
2/20/2007,7600,A:e
2/21/2007,7470,A:e
2/22/2007,7050,A:e
2/23/2007,6640,A:e
2/24/2007,6730,A:e
2/25/2007,6420,A:e
2/26/2007,6500,A:e
2/27/2007,6700,A:e
2/28/2007,6840,A:e
3/1/2007,6500,A:e
3/2/2007,6700,A:e
3/3/2007,6780,A:e
3/4/2007,6840,A:e
3/5/2007,6960,A:e
3/6/2007,6730,A:e
3/7/2007,6670,A:e
3/8/2007,6810,A:e
3/9/2007,6370,A:e
3/10/2007,6760,A:e
3/11/2007,6960,A:e
3/12/2007,7650,A:e
3/13/2007,7930,A:e
3/14/2007,7750,A:e
3/15/2007,10600,A:e
3/16/2007,13400,A:e
3/17/2007,15200,A:e
3/18/2007,14800,A:e
3/19/2007,14200,A:e
3/20/2007,13400,A:e
3/21/2007,12600,A:e
3/22/2007,12100,A:e
3/23/2007,12900,A:e
3/24/2007,15400,A:e
3/25/2007,15100,A:e
3/26/2007,14800,A:e
3/27/2007,15600,A:e
3/28/2007,16700,A:e
3/29/2007,18100,A:e
3/30/2007,17300,A
3/31/2007,15800,A
4/1/2007,15600,A
4/2/2007,17100,A
4/3/2007,17800,A
4/4/2007,16100,A
4/5/2007,14100,A
4/6/2007,13800,A
4/7/2007,13700,A
4/8/2007,12500,A
4/9/2007,11500,A
4/10/2007,11500,A
4/11/2007,11200,A
4/12/2007,10900,A
4/13/2007,11200,A
4/14/2007,12800,A
4/15/2007,14500,A
4/16/2007,25300,A
4/17/2007,53800,A
4/18/2007,56800,A
4/19/2007,54400,A
4/20/2007,50300,A
4/21/2007,49000,A
4/22/2007,49100,A
4/23/2007,47900,A
4/24/2007,57900,A
4/25/2007,62500,A
4/26/2007,44300,A
4/27/2007,33700,A
4/28/2007,30600,A
4/29/2007,31300,A
4/30/2007,34500,A
5/1/2007,34800,A
5/2/2007,36000,A
5/3/2007,32400,A
5/4/2007,29000,A
5/5/2007,28100,A
5/6/2007,27200,A
5/7/2007,25600,A
5/8/2007,21800,A
5/9/2007,22000,A
5/10/2007,22700,A
5/11/2007,24800,A
5/12/2007,25200,A
5/13/2007,23500,A
5/14/2007,19400,A
5/15/2007,19400,A
5/16/2007,18200,A
5/17/2007,37100,A
5/18/2007,38900,A
5/19/2007,36300,A
5/20/2007,31700,A
5/21/2007,27600,A
5/22/2007,24300,A
5/23/2007,21800,A
5/24/2007,17800,A
5/25/2007,16200,A
5/26/2007,13100,A
5/27/2007,11200,A
5/28/2007,10300,A
5/29/2007,8790,A
5/30/2007,6920,A
5/31/2007,5440,A
6/1/2007,6020,A
6/2/2007,5660,A
6/3/2007,6100,A
6/4/2007,6450,A
6/5/2007,13800,A
6/6/2007,18300,A
6/7/2007,16000,A
6/8/2007,12100,A
6/9/2007,8860,A
6/10/2007,8040,A
6/11/2007,6850,A
6/12/2007,6740,A
6/13/2007,6610,A
6/14/2007,6050,A
6/15/2007,4240,A
6/16/2007,4170,A
6/17/2007,4810,A
6/18/2007,4720,A
6/19/2007,4190,A
6/20/2007,4240,A
6/21/2007,4580,A
6/22/2007,4280,A
6/23/2007,4420,A
6/24/2007,4270,A
6/25/2007,3970,A
6/26/2007,4460,A
6/27/2007,4210,A
6/28/2007,4460,A
6/29/2007,3210,A
6/30/2007,3540,A
7/1/2007,3310,A
7/2/2007,3210,A
7/3/2007,3360,A
7/4/2007,3340,A
7/5/2007,3310,A
7/6/2007,3540,A
7/7/2007,3490,A
7/8/2007,3600,A
7/9/2007,3490,A
7/10/2007,3370,A
7/11/2007,3780,A
7/12/2007,3760,A
7/13/2007,4030,A
7/14/2007,3450,A
7/15/2007,2600,A
7/16/2007,2900,A
7/17/2007,3030,A
7/18/2007,2480,A
7/19/2007,2330,A
7/20/2007,2810,A
7/21/2007,4420,A
7/22/2007,5010,A
7/23/2007,3830,A
7/24/2007,3130,A
7/25/2007,3110,A
7/26/2007,2070,A
7/27/2007,2350,A
7/28/2007,2230,A
7/29/2007,2610,A
7/30/2007,4030,A
7/31/2007,2520,A
8/1/2007,2210,A
8/2/2007,2310,A
8/3/2007,2250,A
8/4/2007,3000,A
8/5/2007,2280,A
8/6/2007,3270,A
8/7/2007,3120,A
8/8/2007,4740,A
8/9/2007,6000,A
8/10/2007,5420,A
8/11/2007,4190,A
8/12/2007,4440,A
8/13/2007,4140,A
8/14/2007,4100,A
8/15/2007,3880,A
8/16/2007,4070,A
8/17/2007,4120,A
8/18/2007,3730,A
8/19/2007,3220,A
8/20/2007,3010,A
8/21/2007,2680,A
8/22/2007,2610,A
8/23/2007,2560,A
8/24/2007,2770,A
8/25/2007,2730,A
8/26/2007,2670,A
8/27/2007,2690,A
8/28/2007,2570,A
8/29/2007,2290,A
8/30/2007,2360,A
8/31/2007,2520,A
9/1/2007,2840,A
9/2/2007,2710,A
9/3/2007,2870,A
9/4/2007,2330,A
9/5/2007,2470,A
9/6/2007,3580,A
9/7/2007,3680,A
9/8/2007,3620,A
9/9/2007,3930,A
9/10/2007,3790,A
9/11/2007,3980,A
9/12/2007,4470,A
9/13/2007,4720,A
9/14/2007,4400,A
9/15/2007,4780,A
9/16/2007,4890,A
9/17/2007,4810,A
9/18/2007,4750,A
9/19/2007,4780,A
9/20/2007,4490,A
9/21/2007,4280,A
9/22/2007,4240,A
9/23/2007,4360,A
9/24/2007,4150,A
9/25/2007,4140,A
9/26/2007,3910,A
9/27/2007,4000,A
9/28/2007,4380,A
9/29/2007,4800,A
9/30/2007,4600,A
10/1/2007,4690,A
10/2/2007,4470,A
10/3/2007,4440,A
10/4/2007,3600,A
10/5/2007,3350,A
10/6/2007,2070,A
10/7/2007,2950,A
10/8/2007,2650,A
10/9/2007,3190,A
10/10/2007,2730,A
10/11/2007,2680,A
10/12/2007,4740,A
10/13/2007,8460,A
10/14/2007,9850,A
10/15/2007,7330,A
10/16/2007,5490,A
10/17/2007,3690,A
10/18/2007,3560,A
10/19/2007,3760,A
10/20/2007,4920,A
10/21/2007,7710,A
10/22/2007,7170,A
10/23/2007,5150,A
10/24/2007,4060,A
10/25/2007,3940,A
10/26/2007,3890,A
10/27/2007,4360,A
10/28/2007,7150,A
10/29/2007,10000,A
10/30/2007,7830,A
10/31/2007,7120,A
11/1/2007,6380,A
11/2/2007,4120,A
11/3/2007,4010,A
11/4/2007,11900,A
11/5/2007,17900,A
11/6/2007,14000,A
11/7/2007,23300,A
11/8/2007,20200,A
11/9/2007,13600,A
11/10/2007,11400,A
11/11/2007,9800,A
11/12/2007,8330,A
11/13/2007,8280,A
11/14/2007,8120,A
11/15/2007,10100,A
11/16/2007,41600,A
11/17/2007,39300,A
11/18/2007,21300,A
11/19/2007,18000,A
11/20/2007,14800,A
11/21/2007,13500,A
11/22/2007,13100,A
11/23/2007,15800,A
11/24/2007,15700,A
11/25/2007,13100,A
11/26/2007,11800,A
11/27/2007,13000,A
11/28/2007,17400,A
11/29/2007,14500,A
11/30/2007,12400,A
12/1/2007,11500,A
12/2/2007,9700,A
12/3/2007,10100,A
12/4/2007,10100,A
12/5/2007,10200,A
12/6/2007,10300,A
12/7/2007,10000,A
12/8/2007,9190,A
12/9/2007,9500,A
12/10/2007,9320,A
12/11/2007,8190,A:e
12/12/2007,6540,A:e
12/13/2007,7820,A:e
12/14/2007,7820,A:e
12/15/2007,7820,A:e
12/16/2007,7020,A:e
12/17/2007,7460,A:e
12/18/2007,8130,A:e
12/19/2007,8380,A:e
12/20/2007,8510,A:e
12/21/2007,8380,A:e
12/22/2007,8450,A:e
12/23/2007,9560,A:e
12/24/2007,13800,A:e
12/25/2007,22600,A
12/26/2007,20600,A
12/27/2007,14700,A
12/28/2007,12700,A
12/29/2007,11700,A
12/30/2007,10900,A
12/31/2007,10300,A:e
1/1/2008,9440,A:e
1/2/2008,9440,A:e
1/3/2008,9080,A:e
1/4/2008,8940,A:e
1/5/2008,9220,A:e
1/6/2008,9810,A:e
1/7/2008,10200,A:e
1/8/2008,10900,A:e
1/9/2008,11500,A:e
1/10/2008,17200,A
1/11/2008,20200,A
1/12/2008,17600,A
1/13/2008,15500,A
1/14/2008,14000,A:e
1/15/2008,12700,A:e
1/16/2008,12300,A:e
1/17/2008,12200,A:e
1/18/2008,11500,A:e
1/19/2008,11000,A:e
1/20/2008,10800,A:e
1/21/2008,9930,A:e
1/22/2008,9810,A:e
1/23/2008,9810,A:e
1/24/2008,9220,A:e
1/25/2008,8800,A:e
1/26/2008,8940,A:e
1/27/2008,8540,A:e
1/28/2008,8340,A:e
1/29/2008,8670,A:e
1/30/2008,8540,A:e
1/31/2008,9080,A:e
2/1/2008,8940,A:e
2/2/2008,9320,A:e
2/3/2008,9690,A:e
2/4/2008,9990,A:e
2/5/2008,9320,A:e
2/6/2008,9110,A:e
2/7/2008,9250,A:e
2/8/2008,9610,A:e
2/9/2008,9250,A:e
2/10/2008,9180,A:e
2/11/2008,8950,A:e
2/12/2008,8950,A:e
2/13/2008,9020,A:e
2/14/2008,10200,A:e
2/15/2008,11000,A:e
2/16/2008,11000,A:e
2/17/2008,11000,A:e
2/18/2008,11000,A:e
2/19/2008,13200,A:e
2/20/2008,14800,A:e
2/21/2008,14400,A:e
2/22/2008,13700,A:e
2/23/2008,13000,A:e
2/24/2008,12700,A:e
2/25/2008,12000,A:e
2/26/2008,11500,A:e
2/27/2008,11300,A:e
2/28/2008,11100,A:e
2/29/2008,11100,A:e
3/1/2008,11100,A:e
3/2/2008,10900,A:e
3/3/2008,10900,A:e
3/4/2008,11300,A:e
3/5/2008,11800,A:e
3/6/2008,12200,A:e
3/7/2008,12100,A:e
3/8/2008,12100,A:e
3/9/2008,16700,A:e
3/10/2008,22900,A:e
3/11/2008,22800,A:e
3/12/2008,21400,A:e
3/13/2008,19700,A:e
3/14/2008,18400,A
3/15/2008,17200,A
3/16/2008,16500,A
3/17/2008,15600,A
3/18/2008,15200,A
3/19/2008,14600,A
3/20/2008,15300,A
3/21/2008,16800,A
3/22/2008,16200,A
3/23/2008,14800,A
3/24/2008,14300,A
3/25/2008,13700,A
3/26/2008,13300,A
3/27/2008,13300,A
3/28/2008,11700,A
3/29/2008,11800,A
3/30/2008,11800,A
3/31/2008,10500,A
4/1/2008,10800,A
4/2/2008,12300,A
4/3/2008,13900,A
4/4/2008,15900,A
4/5/2008,16700,A
4/6/2008,17000,A
4/7/2008,16700,A
4/8/2008,18400,A
4/9/2008,20700,A
4/10/2008,24700,A
4/11/2008,31400,A
4/12/2008,33500,A
4/13/2008,35900,A
4/14/2008,30700,A
4/15/2008,27700,A
4/16/2008,28500,A
4/17/2008,29600,A
4/18/2008,34800,A
4/19/2008,43000,A
4/20/2008,44500,A
4/21/2008,42300,A
4/22/2008,41100,A
4/23/2008,39300,A
4/24/2008,38000,A
4/25/2008,37900,A
4/26/2008,30100,A
4/27/2008,23000,A
4/28/2008,18600,A
4/29/2008,32000,A
4/30/2008,86600,A
5/1/2008,59800,A
5/2/2008,42700,A
5/3/2008,34100,A
5/4/2008,29100,A
5/5/2008,29800,A
5/6/2008,30200,A
5/7/2008,29100,A
5/8/2008,26100,A
5/9/2008,24400,A
5/10/2008,22800,A
5/11/2008,20700,A
5/12/2008,17100,A
5/13/2008,15600,A
5/14/2008,13700,A
5/15/2008,11000,A
5/16/2008,8800,A
5/17/2008,8310,A
5/18/2008,7360,A
5/19/2008,7640,A
5/20/2008,7070,A
5/21/2008,6050,A
5/22/2008,4330,A
5/23/2008,4920,A
5/24/2008,5150,A
5/25/2008,5860,A
5/26/2008,5590,A
5/27/2008,5420,A
5/28/2008,5360,A
5/29/2008,5130,A
5/30/2008,4630,A
5/31/2008,4400,A
6/1/2008,6640,A
6/2/2008,6260,A
6/3/2008,5570,A
6/4/2008,5920,A
6/5/2008,7230,A
6/6/2008,7130,A
6/7/2008,7210,A
6/8/2008,6420,A
6/9/2008,5180,A
6/10/2008,5400,A
6/11/2008,11400,A
6/12/2008,15500,A
6/13/2008,11800,A
6/14/2008,10600,A
6/15/2008,9960,A
6/16/2008,10900,A
6/17/2008,11100,A
6/18/2008,18800,A
6/19/2008,33900,A
6/20/2008,40400,A
6/21/2008,35600,A
6/22/2008,28900,A
6/23/2008,24600,A
6/24/2008,19800,A
6/25/2008,15200,A
6/26/2008,12000,A
6/27/2008,11600,A
6/28/2008,12200,A
6/29/2008,12700,A
6/30/2008,18500,A
7/1/2008,26700,A
7/2/2008,17800,A
7/3/2008,15800,A
7/4/2008,14400,A
7/5/2008,11700,A
7/6/2008,9470,A
7/7/2008,9170,A
7/8/2008,8970,A
7/9/2008,8880,A
7/10/2008,6360,A
7/11/2008,5750,A
7/12/2008,6650,A
7/13/2008,5630,A
7/14/2008,5220,A
7/15/2008,6390,A
7/16/2008,7490,A
7/17/2008,5590,A
7/18/2008,4640,A
7/19/2008,3540,A
7/20/2008,4610,A
7/21/2008,9380,A
7/22/2008,10600,A
7/23/2008,8280,A
7/24/2008,8580,A
7/25/2008,29200,A
7/26/2008,22600,A
7/27/2008,12600,A
7/28/2008,12400,A
7/29/2008,9680,A
7/30/2008,6500,A
7/31/2008,5660,A
8/1/2008,11400,A
8/2/2008,11800,A
8/3/2008,11600,A
8/4/2008,14000,A
8/5/2008,14700,A
8/6/2008,14800,A
8/7/2008,23800,A
8/8/2008,44200,A
8/9/2008,50100,A
8/10/2008,42200,A
8/11/2008,31000,A
8/12/2008,25500,A
8/13/2008,21200,A
8/14/2008,15900,A
8/15/2008,14200,A
8/16/2008,13400,A
8/17/2008,15100,A
8/18/2008,13300,A
8/19/2008,12200,A
8/20/2008,11500,A
8/21/2008,11400,A
8/22/2008,11000,A
8/23/2008,9820,A
8/24/2008,9090,A
8/25/2008,9210,A
8/26/2008,9490,A
8/27/2008,9000,A
8/28/2008,4900,A
8/29/2008,3750,A
8/30/2008,5880,A
8/31/2008,7470,A
9/1/2008,7560,A
9/2/2008,7890,A
9/3/2008,6570,A
9/4/2008,4470,A
9/5/2008,4560,A
9/6/2008,5140,A
9/7/2008,11600,A
9/8/2008,11000,A
9/9/2008,8870,A
9/10/2008,9410,A
9/11/2008,9780,A
9/12/2008,9390,A
9/13/2008,8360,A
9/14/2008,7920,A
9/15/2008,8670,A
9/16/2008,8600,A
9/17/2008,7640,A
9/18/2008,7560,A
9/19/2008,6200,A
9/20/2008,5700,A
9/21/2008,6620,A
9/22/2008,9030,A
9/23/2008,6600,A
9/24/2008,5750,A
9/25/2008,6300,A
9/26/2008,4470,A
9/27/2008,5140,A
9/28/2008,15300,A
9/29/2008,21600,A
9/30/2008,15900,A
10/1/2008,13300,A
10/2/2008,12500,A
10/3/2008,12600,A
10/4/2008,10800,A
10/5/2008,9830,A
10/6/2008,8360,A
10/7/2008,8490,A
10/8/2008,7450,A
10/9/2008,6690,A
10/10/2008,6340,A
10/11/2008,6390,A
10/12/2008,5940,A
10/13/2008,6230,A
10/14/2008,6600,A
10/15/2008,6200,A
10/16/2008,6150,A
10/17/2008,6450,A
10/18/2008,6100,A
10/19/2008,6370,A
10/20/2008,7280,A
10/21/2008,6710,A
10/22/2008,5910,A
10/23/2008,6120,A
10/24/2008,5080,A
10/25/2008,4370,A
10/26/2008,14300,A
10/27/2008,28700,A
10/28/2008,19000,A
10/29/2008,19000,A
10/30/2008,18300,A
10/31/2008,15500,A
11/1/2008,13500,A
11/2/2008,11300,A
11/3/2008,9860,A
11/4/2008,8660,A
11/5/2008,8710,A
11/6/2008,8570,A
11/7/2008,10500,A
11/8/2008,13900,A
11/9/2008,15800,A
11/10/2008,19600,A
11/11/2008,16200,A
11/12/2008,13000,A
11/13/2008,12000,A
11/14/2008,11600,A
11/15/2008,19800,A
11/16/2008,24700,A
11/17/2008,27700,A
11/18/2008,20000,A
11/19/2008,17000,A
11/20/2008,14900,A
11/21/2008,12900,A
11/22/2008,11800,A
11/23/2008,11200,A
11/24/2008,10600,A
11/25/2008,8720,A
11/26/2008,44100,A
11/27/2008,54300,A
11/28/2008,32400,A
11/29/2008,28600,A
11/30/2008,22500,A
12/1/2008,19800,A
12/2/2008,21400,A
12/3/2008,20100,A
12/4/2008,16900,A
12/5/2008,17300,A
12/6/2008,15400,A
12/7/2008,14000,A
12/8/2008,13200,A
12/9/2008,11400,A:e
12/10/2008,10000,A:e
12/11/2008,10300,A:e
12/12/2008,15200,A:e
12/13/2008,27800,A:e
12/14/2008,19500,A:e
12/15/2008,15900,A:e
12/16/2008,17500,A:e
12/17/2008,16200,A:e
12/18/2008,15700,A:e
12/19/2008,14400,A:e
12/20/2008,12700,A:e
12/21/2008,10500,A:e
12/22/2008,9350,A:e
12/23/2008,11100,A:e
12/24/2008,10700,A:e
12/25/2008,11800,A:e
12/26/2008,11500,A:e
12/27/2008,10400,A:e
12/28/2008,11900,A:e
12/29/2008,13200,A:e
12/30/2008,14400,A:e
12/31/2008,13200,A:e
1/1/2009,10000,A:e
1/2/2009,10000,A:e
1/3/2009,9950,A:e
1/4/2009,10100,A:e
1/5/2009,9680,A:e
1/6/2009,9010,A:e
1/7/2009,8630,A:e
1/8/2009,8800,A:e
1/9/2009,8650,A:e
1/10/2009,8790,A:e
1/11/2009,9180,A:e
1/12/2009,9250,A:e
1/13/2009,9140,A:e
1/14/2009,9140,A:e
1/15/2009,8720,A:e
1/16/2009,8520,A:e
1/17/2009,8580,A:e
1/18/2009,8550,A:e
1/19/2009,8380,A:e
1/20/2009,9100,A:e
1/21/2009,9060,A:e
1/22/2009,9100,A:e
1/23/2009,8880,A:e
1/24/2009,8410,A:e
1/25/2009,8470,A:e
1/26/2009,8310,A:e
1/27/2009,8210,A:e
1/28/2009,8440,A:e
1/29/2009,8410,A:e
1/30/2009,8610,A:e
1/31/2009,8680,A:e
2/1/2009,7990,A:e
2/2/2009,7890,A:e
2/3/2009,8150,A:e
2/4/2009,8320,A:e
2/5/2009,7880,A:e
2/6/2009,8320,A:e
2/7/2009,8820,A:e
2/8/2009,9180,A:e
2/9/2009,8860,A:e
2/10/2009,8780,A:e
2/11/2009,8820,A:e
2/12/2009,9900,A:e
2/13/2009,11800,A:e
2/14/2009,13100,A:e
2/15/2009,13500,A:e
2/16/2009,11400,A:e
2/17/2009,10600,A:e
2/18/2009,10700,A:e
2/19/2009,10200,A:e
2/20/2009,10400,A:e
2/21/2009,9150,A:e
2/22/2009,8980,A:e
2/23/2009,8990,A:e
2/24/2009,9190,A:e
2/25/2009,8830,A:e
2/26/2009,8600,A:e
2/27/2009,8600,A:e
2/28/2009,8760,A:e
3/1/2009,9060,A:e
3/2/2009,9700,A:e
3/3/2009,9610,A:e
3/4/2009,9440,A:e
3/5/2009,9690,A:e
3/6/2009,9250,A:e
3/7/2009,9150,A:e
3/8/2009,10500,A:e
3/9/2009,11300,A:e
3/10/2009,12400,A:e
3/11/2009,11400,A:e
3/12/2009,11200,A:e
3/13/2009,10900,A:e
3/14/2009,10500,A:e
3/15/2009,11500,A:e
3/16/2009,12300,A:e
3/17/2009,11500,A:e
3/18/2009,11100,A:e
3/19/2009,11700,A:e
3/20/2009,12400,A:e
3/21/2009,12100,A:e
3/22/2009,10200,A:e
3/23/2009,9620,A:e
3/24/2009,9280,A:e
3/25/2009,10100,A:e
3/26/2009,11000,A:e
3/27/2009,12000,A:e
3/28/2009,13100,A:e
3/29/2009,15700,A:e
3/30/2009,23700,A:e
3/31/2009,28800,A
4/1/2009,27500,A
4/2/2009,23400,A
4/3/2009,26500,A
4/4/2009,41500,A
4/5/2009,46200,A
4/6/2009,41800,A
4/7/2009,54500,A
4/8/2009,56300,A
4/9/2009,40800,A
4/10/2009,32500,A
4/11/2009,28100,A
4/12/2009,23100,A
4/13/2009,20600,A
4/14/2009,19000,A
4/15/2009,16900,A
4/16/2009,15200,A
4/17/2009,13200,A
4/18/2009,10700,A
4/19/2009,12500,A
4/20/2009,13600,A
4/21/2009,12100,A
4/22/2009,21500,A
4/23/2009,29500,A
4/24/2009,32900,A
4/25/2009,24800,A
4/26/2009,20400,A
4/27/2009,16600,A
4/28/2009,14700,A
4/29/2009,13300,A
4/30/2009,11400,A
5/1/2009,11300,A
5/2/2009,11100,A
5/3/2009,10500,A
5/4/2009,10700,A
5/5/2009,10600,A
5/6/2009,10800,A
5/7/2009,10900,A
5/8/2009,14400,A
5/9/2009,16500,A
5/10/2009,19000,A
5/11/2009,19600,A
5/12/2009,19100,A
5/13/2009,17100,A
5/14/2009,14500,A
5/15/2009,12100,A
5/16/2009,8970,A
5/17/2009,7670,A
5/18/2009,9060,A
5/19/2009,7310,A
5/20/2009,7740,A
5/21/2009,7680,A
5/22/2009,6630,A
5/23/2009,3670,A
5/24/2009,5380,A
5/25/2009,5230,A
5/26/2009,7230,A
5/27/2009,5810,A
5/28/2009,5610,A
5/29/2009,6280,A
5/30/2009,6620,A
5/31/2009,7350,A
6/1/2009,7600,A
6/2/2009,6720,A
6/3/2009,5800,A
6/4/2009,5670,A
6/5/2009,5110,A
6/6/2009,3890,A
6/7/2009,4120,A
6/8/2009,5090,A
6/9/2009,5470,A
6/10/2009,5680,A
6/11/2009,5580,A
6/12/2009,6420,A
6/13/2009,11300,A
6/14/2009,8960,A
6/15/2009,8270,A
6/16/2009,8960,A
6/17/2009,7800,A
6/18/2009,6590,A
6/19/2009,10400,A
6/20/2009,31100,A
6/21/2009,23400,A
6/22/2009,20000,A
6/23/2009,17500,A
6/24/2009,17700,A
6/25/2009,16700,A
6/26/2009,15000,A
6/27/2009,23500,A
6/28/2009,28600,A
6/29/2009,32500,A
6/30/2009,46200,A
7/1/2009,36800,A
7/2/2009,29900,A
7/3/2009,24300,A
7/4/2009,28300,A
7/5/2009,33500,A
7/6/2009,27900,A
7/7/2009,25100,A
7/8/2009,30600,A
7/9/2009,33600,A
7/10/2009,26300,A
7/11/2009,20200,A
7/12/2009,18600,A
7/13/2009,15700,A
7/14/2009,13800,A
7/15/2009,10900,A
7/16/2009,10900,A
7/17/2009,9490,A
7/18/2009,8260,A
7/19/2009,8910,A
7/20/2009,10700,A
7/21/2009,8700,A
7/22/2009,8490,A
7/23/2009,7260,A
7/24/2009,7600,A
7/25/2009,13900,A
7/26/2009,12800,A
7/27/2009,12300,A
7/28/2009,10800,A
7/29/2009,10600,A
7/30/2009,14100,A
7/31/2009,23800,A
8/1/2009,25800,A
8/2/2009,21700,A
8/3/2009,21200,A
8/4/2009,22200,A
8/5/2009,15800,A
8/6/2009,12600,A
8/7/2009,11600,A
8/8/2009,8940,A
8/9/2009,8870,A
8/10/2009,8470,A
8/11/2009,7770,A
8/12/2009,10600,A
8/13/2009,10500,A
8/14/2009,8600,A
8/15/2009,8060,A
8/16/2009,7360,A
8/17/2009,9070,A
8/18/2009,9220,A
8/19/2009,7870,A
8/20/2009,6230,A
8/21/2009,5120,A
8/22/2009,7900,A
8/23/2009,8540,A
8/24/2009,11200,A
8/25/2009,9690,A
8/26/2009,9020,A
8/27/2009,7610,A
8/28/2009,7650,A
8/29/2009,7350,A
8/30/2009,7220,A
8/31/2009,7190,A
9/1/2009,6950,A
9/2/2009,6600,A
9/3/2009,5620,A
9/4/2009,5680,A
9/5/2009,4830,A
9/6/2009,4330,A
9/7/2009,4140,A
9/8/2009,4110,A
9/9/2009,4220,A
9/10/2009,4230,A
9/11/2009,4340,A
9/12/2009,3880,A
9/13/2009,3600,A
9/14/2009,3570,A
9/15/2009,3660,A
9/16/2009,3490,A
9/17/2009,3570,A
9/18/2009,3510,A
9/19/2009,3630,A
9/20/2009,3490,A
9/21/2009,3500,A
9/22/2009,3560,A
9/23/2009,3130,A
9/24/2009,2920,A
9/25/2009,2660,A
9/26/2009,2370,A
9/27/2009,2530,A
9/28/2009,2880,A
9/29/2009,4010,A
9/30/2009,3770,A
10/1/2009,3360,A
10/2/2009,3150,A
10/3/2009,2680,A
10/4/2009,4510,A
10/5/2009,6600,A
10/6/2009,5530,A
10/7/2009,4530,A
10/8/2009,6080,A
10/9/2009,6280,A
10/10/2009,5550,A
10/11/2009,5150,A
10/12/2009,5300,A
10/13/2009,4320,A
10/14/2009,4890,A
10/15/2009,4120,A
10/16/2009,3820,A
10/17/2009,3580,A
10/18/2009,5120,A
10/19/2009,3830,A
10/20/2009,3610,A
10/21/2009,3570,A
10/22/2009,2700,A
10/23/2009,2880,A
10/24/2009,2940,A
10/25/2009,22000,A
10/26/2009,20400,A
10/27/2009,11000,A
10/28/2009,11200,A
10/29/2009,9680,A
10/30/2009,8270,A
10/31/2009,6560,A
11/1/2009,6460,A
11/2/2009,6930,A
11/3/2009,6260,A
11/4/2009,5330,A
11/5/2009,4850,A
11/6/2009,4980,A
11/7/2009,5210,A
11/8/2009,5510,A
11/9/2009,5360,A
11/10/2009,5470,A
11/11/2009,5100,A
11/12/2009,4690,A
11/13/2009,4800,A
11/14/2009,4730,A
11/15/2009,27200,A
11/16/2009,34700,A
11/17/2009,20400,A
11/18/2009,15200,A
11/19/2009,11200,A
11/20/2009,13300,A
11/21/2009,19400,A
11/22/2009,17600,A
11/23/2009,14200,A
11/24/2009,12400,A
11/25/2009,11600,A
11/26/2009,11700,A
11/27/2009,12200,A
11/28/2009,23900,A
11/29/2009,24800,A
11/30/2009,19400,A
12/1/2009,18100,A
12/2/2009,16900,A
12/3/2009,19300,A
12/4/2009,28600,A
12/5/2009,24700,A
12/6/2009,21100,A
12/7/2009,18800,A
12/8/2009,15400,A
12/9/2009,12800,A
12/10/2009,13000,A
12/11/2009,13000,A
12/12/2009,11800,A
12/13/2009,11000,A
12/14/2009,11000,A
12/15/2009,10700,A
12/16/2009,9830,A
12/17/2009,8520,A:e
12/18/2009,8610,A:e
12/19/2009,8860,A:e
12/20/2009,8650,A:e
12/21/2009,8730,A:e
12/22/2009,8820,A:e
12/23/2009,8200,A:e
12/24/2009,7870,A:e
12/25/2009,7930,A:e
12/26/2009,7830,A
12/27/2009,9340,A
12/28/2009,18600,A
12/29/2009,18100,A
12/30/2009,13200,A
12/31/2009,13000,A:e
1/1/2010,12500,A:e
1/2/2010,11900,A
1/3/2010,11100,A
1/4/2010,11200,A
1/5/2010,10600,A
1/6/2010,10000,A:e
1/7/2010,9860,A:e
1/8/2010,9470,A:e
1/9/2010,9410,A:e
1/10/2010,9160,A:e
1/11/2010,9220,A:e
1/12/2010,8970,A:e
1/13/2010,8800,A:e
1/14/2010,8800,A:e
1/15/2010,9160,A:e
1/16/2010,8400,A:e
1/17/2010,8120,A:e
1/18/2010,8200,A:e
1/19/2010,8080,A:e
1/20/2010,8000,A:e
1/21/2010,8170,A:e
1/22/2010,8290,A:e
1/23/2010,8180,A:e
1/24/2010,8120,A:e
1/25/2010,8780,A:e
1/26/2010,28600,A:e
1/27/2010,37200,A
1/28/2010,22300,A
1/29/2010,18500,A:e
1/30/2010,15300,A:e
1/31/2010,15100,A:e
2/1/2010,13300,A:e
2/2/2010,11900,A:e
2/3/2010,11400,A:e
2/4/2010,11100,A:e
2/5/2010,10600,A:e
2/6/2010,9480,A:e
2/7/2010,8950,A:e
2/8/2010,9080,A:e
2/9/2010,9210,A:e
2/10/2010,9000,A:e
2/11/2010,9000,A:e
2/12/2010,8670,A
2/13/2010,8040,A
2/14/2010,7720,A
2/15/2010,7950,A
2/16/2010,8030,A
2/17/2010,7820,A
2/18/2010,7850,A
2/19/2010,7330,A
2/20/2010,7680,A
2/21/2010,8070,A
2/22/2010,7710,A
2/23/2010,8000,A
2/24/2010,8130,A
2/25/2010,11300,A
2/26/2010,20900,A
2/27/2010,22400,A
2/28/2010,19300,A
3/1/2010,19600,A
3/2/2010,18500,A
3/3/2010,17400,A
3/4/2010,16000,A
3/5/2010,15100,A
3/6/2010,15300,A
3/7/2010,14300,A
3/8/2010,14600,A
3/9/2010,15100,A
3/10/2010,13700,A
3/11/2010,13100,A
3/12/2010,12400,A
3/13/2010,12000,A
3/14/2010,12100,A
3/15/2010,11800,A
3/16/2010,12100,A
3/17/2010,12500,A
3/18/2010,13100,A
3/19/2010,13400,A
3/20/2010,13700,A
3/21/2010,15600,A
3/22/2010,15100,A
3/23/2010,20400,A
3/24/2010,51100,A
3/25/2010,39200,A
3/26/2010,25900,A
3/27/2010,19600,A
3/28/2010,17800,A
3/29/2010,21400,A
3/30/2010,44600,A
3/31/2010,48700,A
4/1/2010,55500,A
4/2/2010,41100,A
4/3/2010,36700,A
4/4/2010,38400,A
4/5/2010,37900,A
4/6/2010,33400,A
4/7/2010,28900,A
4/8/2010,30100,A
4/9/2010,27400,A
4/10/2010,33400,A
4/11/2010,35600,A
4/12/2010,30000,A
4/13/2010,20900,A
4/14/2010,20500,A
4/15/2010,16100,A
4/16/2010,15000,A
4/17/2010,15700,A
4/18/2010,14000,A
4/19/2010,12800,A
4/20/2010,14800,A
4/21/2010,12800,A
4/22/2010,13100,A
4/23/2010,12600,A
4/24/2010,19300,A
4/25/2010,16000,A
4/26/2010,15700,A
4/27/2010,13500,A
4/28/2010,16100,A
4/29/2010,17200,A
4/30/2010,15400,A
5/1/2010,11300,A
5/2/2010,8390,A
5/3/2010,7680,A
5/4/2010,7560,A
5/5/2010,9250,A
5/6/2010,11900,A
5/7/2010,9000,A
5/8/2010,10100,A
5/9/2010,12400,A
5/10/2010,8990,A
5/11/2010,8670,A
5/12/2010,8050,A
5/13/2010,7070,A
5/14/2010,6520,A
5/15/2010,6620,A
5/16/2010,6760,A
5/17/2010,6850,A
5/18/2010,6270,A
5/19/2010,6580,A
5/20/2010,7600,A
5/21/2010,6980,A
5/22/2010,5810,A
5/23/2010,5910,A
5/24/2010,5550,A
5/25/2010,5680,A
5/26/2010,5180,A
5/27/2010,4290,A
5/28/2010,3880,A
5/29/2010,3280,A
5/30/2010,3100,A
5/31/2010,3220,A
6/1/2010,3150,A
6/2/2010,3020,A
6/3/2010,3530,A
6/4/2010,4250,A
6/5/2010,6240,A
6/6/2010,9160,A
6/7/2010,10900,A
6/8/2010,15000,A
6/9/2010,9930,A
6/10/2010,5380,A
6/11/2010,6080,A
6/12/2010,4920,A
6/13/2010,4630,A
6/14/2010,4930,A
6/15/2010,3570,A
6/16/2010,3320,A
6/17/2010,3420,A
6/18/2010,3660,A
6/19/2010,3480,A
6/20/2010,3550,A
6/21/2010,3710,A
6/22/2010,3500,A
6/23/2010,3410,A
6/24/2010,3390,A
6/25/2010,3490,A
6/26/2010,3510,A
6/27/2010,3970,A
6/28/2010,4110,A
6/29/2010,7790,A
6/30/2010,13600,A
7/1/2010,9130,A
7/2/2010,7040,A
7/3/2010,5290,A
7/4/2010,5610,A
7/5/2010,5670,A
7/6/2010,5740,A
7/7/2010,5810,A
7/8/2010,5600,A
7/9/2010,5590,A
7/10/2010,4900,A
7/11/2010,4430,A
7/12/2010,4250,A
7/13/2010,4290,A
7/14/2010,4520,A
7/15/2010,4410,A
7/16/2010,4440,A
7/17/2010,4020,A
7/18/2010,3360,A
7/19/2010,3440,A
7/20/2010,3170,A
7/21/2010,3180,A
7/22/2010,3430,A
7/23/2010,3190,A
7/24/2010,3290,A
7/25/2010,3450,A
7/26/2010,3190,A
7/27/2010,3090,A
7/28/2010,3070,A
7/29/2010,3060,A
7/30/2010,2970,A
7/31/2010,2380,A
8/1/2010,2370,A
8/2/2010,2370,A
8/3/2010,2470,A
8/4/2010,2870,A
8/5/2010,2560,A
8/6/2010,2620,A
8/7/2010,2390,A
8/8/2010,2150,A
8/9/2010,2110,A
8/10/2010,2120,A
8/11/2010,2580,A
8/12/2010,2110,A
8/13/2010,2100,A
8/14/2010,2090,A
8/15/2010,2040,A
8/16/2010,1940,A
8/17/2010,2090,A
8/18/2010,2020,A
8/19/2010,2020,A
8/20/2010,1980,A
8/21/2010,1950,A
8/22/2010,1950,A
8/23/2010,1800,A
8/24/2010,1790,A
8/25/2010,1860,A
8/26/2010,2230,A
8/27/2010,2490,A
8/28/2010,2010,A
8/29/2010,2020,A
8/30/2010,1940,A
8/31/2010,1810,A
9/1/2010,1770,A
9/2/2010,2990,A
9/3/2010,2420,A
9/4/2010,2760,A
9/5/2010,4730,A
9/6/2010,4310,A
9/7/2010,2500,A
9/8/2010,2380,A
9/9/2010,2120,A
9/10/2010,1760,A
9/11/2010,1600,A
9/12/2010,1680,A
9/13/2010,2350,A
9/14/2010,3400,A
9/15/2010,3200,A
9/16/2010,3110,A
9/17/2010,2020,A
9/18/2010,1930,A
9/19/2010,4230,A
9/20/2010,3040,A
9/21/2010,2690,A
9/22/2010,2710,A
9/23/2010,2590,A
9/24/2010,3020,A
9/25/2010,3160,A
9/26/2010,3160,A
9/27/2010,3050,A
9/28/2010,3100,A
9/29/2010,3410,A
9/30/2010,5390,A
10/1/2010,6110,A
10/2/2010,17400,A
10/3/2010,14000,A
10/4/2010,7350,A
10/5/2010,5270,A
10/6/2010,6360,A
10/7/2010,6280,A
10/8/2010,4830,A
10/9/2010,6720,A
10/10/2010,5910,A
10/11/2010,5760,A
10/12/2010,5560,A
10/13/2010,5350,A
10/14/2010,5950,A
10/15/2010,9310,A
10/16/2010,26100,A
10/17/2010,28100,A
10/18/2010,15600,A
10/19/2010,8900,A
10/20/2010,7480,A
10/21/2010,7400,A
10/22/2010,7640,A
10/23/2010,7860,A
10/24/2010,6730,A
10/25/2010,7080,A
10/26/2010,7090,A
10/27/2010,8560,A
10/28/2010,12100,A
10/29/2010,10000,A
10/30/2010,10100,A
10/31/2010,10800,A
11/1/2010,8400,A
11/2/2010,8540,A
11/3/2010,8140,A
11/4/2010,7770,A
11/5/2010,14800,A
11/6/2010,23400,A
11/7/2010,16800,A
11/8/2010,29900,A
11/9/2010,42600,A
11/10/2010,40900,A
11/11/2010,32500,A
11/12/2010,27600,A
11/13/2010,24000,A
11/14/2010,19700,A
11/15/2010,17900,A
11/16/2010,15500,A
11/17/2010,19100,A
11/18/2010,30600,A
11/19/2010,26200,A
11/20/2010,21000,A
11/21/2010,18200,A
11/22/2010,16400,A
11/23/2010,12700,A
11/24/2010,12900,A
11/25/2010,12000,A
11/26/2010,11600,A
11/27/2010,11100,A
11/28/2010,10400,A
11/29/2010,9540,A
11/30/2010,8890,A
12/1/2010,9680,A
12/2/2010,16300,A
12/3/2010,22500,A
12/4/2010,17000,A
12/5/2010,15600,A
12/6/2010,14400,A
12/7/2010,13600,A
12/8/2010,11900,A
12/9/2010,11400,A
12/10/2010,9790,A:e
12/11/2010,9980,A:e
12/12/2010,10200,A:e
12/13/2010,44000,A
12/14/2010,79000,A
12/15/2010,60100,A
12/16/2010,36300,A:e
12/17/2010,28100,A:e
12/18/2010,23000,A:e
12/19/2010,19700,A:e
12/20/2010,18000,A:e
12/21/2010,17200,A:e
12/22/2010,14900,A:e
12/23/2010,12800,A:e
12/24/2010,11400,A:e
12/25/2010,10300,A:e
12/26/2010,10400,A:e
12/27/2010,11200,A:e
12/28/2010,10600,A:e
12/29/2010,10000,A:e
12/30/2010,11000,A:e
12/31/2010,11100,A:e
1/1/2011,10800,A:e
1/2/2011,9890,A:e
1/3/2011,11100,A:e
1/4/2011,10600,A:e
1/5/2011,9720,A:e
1/6/2011,9110,A:e
1/7/2011,8710,A:e
1/8/2011,8490,A:e
1/9/2011,7910,A:e
1/10/2011,6190,A:e
1/11/2011,5990,A:e
1/12/2011,6230,A:e
1/13/2011,8010,A:e
1/14/2011,8280,A:e
1/15/2011,8120,A:e
1/16/2011,7040,A:e
1/17/2011,6300,A:e
1/18/2011,6220,A:e
1/19/2011,7370,A:e
1/20/2011,8080,A:e
1/21/2011,8190,A:e
1/22/2011,8300,A:e
1/23/2011,8240,A:e
1/24/2011,7720,A:e
1/25/2011,8030,A:e
1/26/2011,7980,A:e
1/27/2011,8350,A:e
1/28/2011,8970,A:e
1/29/2011,9140,A:e
1/30/2011,9090,A:e
1/31/2011,8970,A:e
2/1/2011,8850,A:e
2/2/2011,8970,A:e
2/3/2011,9030,A:e
2/4/2011,9130,A:e
2/5/2011,9010,A:e
2/6/2011,8550,A:e
2/7/2011,8440,A:e
2/8/2011,8390,A:e
2/9/2011,8010,A:e
2/10/2011,7760,A:e
2/11/2011,8120,A:e
2/12/2011,7810,A:e
2/13/2011,7890,A:e
2/14/2011,7590,A:e
2/15/2011,7400,A:e
2/16/2011,7250,A:e
2/17/2011,7350,A:e
2/18/2011,6890,A:e
2/19/2011,6670,A:e
2/20/2011,6800,A:e
2/21/2011,7010,A:e
2/22/2011,6740,A:e
2/23/2011,6570,A:e
2/24/2011,6480,A:e
2/25/2011,6320,A:e
2/26/2011,5920,A:e
2/27/2011,5630,A:e
2/28/2011,5670,A:e
3/1/2011,5860,A:e
3/2/2011,6330,A:e
3/3/2011,6450,A:e
3/4/2011,6290,A:e
3/5/2011,6410,A:e
3/6/2011,8150,A:e
3/7/2011,14400,A:e
3/8/2011,19900,A:e
3/9/2011,19700,A:e
3/10/2011,18500,A:e
3/11/2011,18000,A:e
3/12/2011,22600,A:e
3/13/2011,26100,A:e
3/14/2011,24100,A:e
3/15/2011,21100,A:e
3/16/2011,18700,A:e
3/17/2011,17600,A:e
3/18/2011,19300,A:e
3/19/2011,23500,A:e
3/20/2011,22300,A:e
3/21/2011,21200,A:e
3/22/2011,17900,A:e
3/23/2011,16100,A:e
3/24/2011,15200,A:e
3/25/2011,14200,A:e
3/26/2011,13500,A:e
3/27/2011,12400,A:e
3/28/2011,12400,A
3/29/2011,12000,A
3/30/2011,11700,A
3/31/2011,11900,A
4/1/2011,12700,A
4/2/2011,12100,A
4/3/2011,12200,A
4/4/2011,12900,A
4/5/2011,14100,A
4/6/2011,15800,A
4/7/2011,15200,A
4/8/2011,15000,A
4/9/2011,16500,A
4/10/2011,19300,A
4/11/2011,25100,A
4/12/2011,34400,A
4/13/2011,42600,A
4/14/2011,43800,A
4/15/2011,40400,A
4/16/2011,32100,A
4/17/2011,38200,A
4/18/2011,52900,A
4/19/2011,35100,A
4/20/2011,29700,A
4/21/2011,28800,A
4/22/2011,25700,A
4/23/2011,22600,A
4/24/2011,21500,A
4/25/2011,20400,A
4/26/2011,22900,A
4/27/2011,32600,A
4/28/2011,44600,A
4/29/2011,47500,A
4/30/2011,47500,A
5/1/2011,42700,A
5/2/2011,36800,A
5/3/2011,32000,A
5/4/2011,29300,A
5/5/2011,34400,A
5/6/2011,36900,A
5/7/2011,31600,A
5/8/2011,29100,A
5/9/2011,24500,A
5/10/2011,21200,A
5/11/2011,17900,A
5/12/2011,13300,A
5/13/2011,12000,A
5/14/2011,10600,A
5/15/2011,16500,A
5/16/2011,39600,A
5/17/2011,44000,A
5/18/2011,39800,A
5/19/2011,33500,A
5/20/2011,28900,A
5/21/2011,27700,A
5/22/2011,35700,A
5/23/2011,26200,A
5/24/2011,19900,A
5/25/2011,17400,A
5/26/2011,13600,A
5/27/2011,12300,A
5/28/2011,27000,A
5/29/2011,41600,A
5/30/2011,35600,A
5/31/2011,24500,A
6/1/2011,18900,A
6/2/2011,19600,A
6/3/2011,19900,A
6/4/2011,13700,A
6/5/2011,9460,A
6/6/2011,11800,A
6/7/2011,8540,A
6/8/2011,6090,A
6/9/2011,7710,A
6/10/2011,7760,A
6/11/2011,7470,A
6/12/2011,7310,A
6/13/2011,7540,A
6/14/2011,8650,A
6/15/2011,8250,A
6/16/2011,7810,A
6/17/2011,7440,A
6/18/2011,7310,A
6/19/2011,8150,A
6/20/2011,6610,A
6/21/2011,5580,A
6/22/2011,5410,A
6/23/2011,5210,A
6/24/2011,4750,A
6/25/2011,5010,A
6/26/2011,6130,A
6/27/2011,6150,A
6/28/2011,5530,A
6/29/2011,5090,A
6/30/2011,5170,A
7/1/2011,5110,A
7/2/2011,4480,A
7/3/2011,4370,A
7/4/2011,4320,A
7/5/2011,4630,A
7/6/2011,4650,A
7/7/2011,4550,A
7/8/2011,4730,A
7/9/2011,4690,A
7/10/2011,4720,A
7/11/2011,4770,A
7/12/2011,4750,A
7/13/2011,4590,A
7/14/2011,4290,A
7/15/2011,4190,A
7/16/2011,4160,A
7/17/2011,3950,A
7/18/2011,4180,A
7/19/2011,4110,A
7/20/2011,3650,A
7/21/2011,2950,A
7/22/2011,2640,A
7/23/2011,2730,A
7/24/2011,2860,A
7/25/2011,3010,A
7/26/2011,2860,A
7/27/2011,3260,A
7/28/2011,2870,A
7/29/2011,3230,A
7/30/2011,2840,A
7/31/2011,2600,A
8/1/2011,2800,A
8/2/2011,2940,A
8/3/2011,2910,A
8/4/2011,2870,A
8/5/2011,2630,A
8/6/2011,3010,A
8/7/2011,2940,A
8/8/2011,2910,A
8/9/2011,2660,A
8/10/2011,2720,A
8/11/2011,2780,A
8/12/2011,2600,A
8/13/2011,2710,A
8/14/2011,2680,A
8/15/2011,2790,A
8/16/2011,2950,A
8/17/2011,3190,A
8/18/2011,3120,A
8/19/2011,2750,A
8/20/2011,2770,A
8/21/2011,2580,A
8/22/2011,3700,A
8/23/2011,4410,A
8/24/2011,2970,A
8/25/2011,3560,A
8/26/2011,4560,A
8/27/2011,6650,A
8/28/2011,11800,A
8/29/2011,53800,A
8/30/2011,33100,A
8/31/2011,10900,A
9/1/2011,10600,A
9/2/2011,8140,A
9/3/2011,7300,A
9/4/2011,7060,A
9/5/2011,8390,A
9/6/2011,28700,A
9/7/2011,36600,A
9/8/2011,26700,A
9/9/2011,19700,A
9/10/2011,16700,A
9/11/2011,13600,A
9/12/2011,12000,A
9/13/2011,11100,A
9/14/2011,7740,A
9/15/2011,8810,A
9/16/2011,10700,A
9/17/2011,9160,A
9/18/2011,9230,A
9/19/2011,7860,A
9/20/2011,7540,A
9/21/2011,8450,A
9/22/2011,8810,A
9/23/2011,8110,A
9/24/2011,8790,A
9/25/2011,9220,A
9/26/2011,9310,A
9/27/2011,8740,A
9/28/2011,8600,A
9/29/2011,9300,A
9/30/2011,8970,A
10/1/2011,11800,A
10/2/2011,13100,A
10/3/2011,22200,A
10/4/2011,22200,A
10/5/2011,23000,A
10/6/2011,20000,A
10/7/2011,16200,A
10/8/2011,14200,A
10/9/2011,12600,A
10/10/2011,10700,A
10/11/2011,8520,A
10/12/2011,8680,A
10/13/2011,7160,A
10/14/2011,8510,A
10/15/2011,22400,A
10/16/2011,22900,A
10/17/2011,16400,A
10/18/2011,12500,A
10/19/2011,11200,A
10/20/2011,11400,A
10/21/2011,13700,A
10/22/2011,11400,A
10/23/2011,10500,A
10/24/2011,8730,A
10/25/2011,7170,A
10/26/2011,6460,A
10/27/2011,7860,A
10/28/2011,7590,A
10/29/2011,7820,A
10/30/2011,8340,A
10/31/2011,9250,A
11/1/2011,9010,A
11/2/2011,9150,A
11/3/2011,9240,A
11/4/2011,9030,A
11/5/2011,8390,A
11/6/2011,7870,A
11/7/2011,7710,A
11/8/2011,7830,A
11/9/2011,7910,A
11/10/2011,7390,A
11/11/2011,16100,A
11/12/2011,16300,A
11/13/2011,11000,A
11/14/2011,9470,A
11/15/2011,8270,A
11/16/2011,9150,A
11/17/2011,8510,A
11/18/2011,8840,A
11/19/2011,8170,A
11/20/2011,8030,A
11/21/2011,8020,A
11/22/2011,7940,A
11/23/2011,7440,A
11/24/2011,7560,A
11/25/2011,7530,A
11/26/2011,7350,A
11/27/2011,7600,A
11/28/2011,9660,A
11/29/2011,10500,A
11/30/2011,13700,A
12/1/2011,22100,A
12/2/2011,13900,A
12/3/2011,10500,A
12/4/2011,9150,A
12/5/2011,8430,A
12/6/2011,8160,A
12/7/2011,8570,A
12/8/2011,13600,A
12/9/2011,14400,A
12/10/2011,11000,A:e
12/11/2011,9720,A:e
12/12/2011,8800,A:e
12/13/2011,8310,A:e
12/14/2011,7930,A:e
12/15/2011,8250,A:e
12/16/2011,9290,A
12/17/2011,10500,A
12/18/2011,9470,A
12/19/2011,6680,A
12/20/2011,7350,A
12/21/2011,7290,A
12/22/2011,7480,A
12/23/2011,7850,A
12/24/2011,7400,A
12/25/2011,6670,A
12/26/2011,6470,A
12/27/2011,7600,A
12/28/2011,12000,A
12/29/2011,16400,A
12/30/2011,10600,A
12/31/2011,9890,A
1/1/2012,9530,A
1/2/2012,10900,A
1/3/2012,13400,A
1/4/2012,9470,A:e
1/5/2012,8570,A:e
1/6/2012,8090,A:e
1/7/2012,7720,A:e
1/8/2012,7500,A:e
1/9/2012,7320,A:e
1/10/2012,6990,A:e
1/11/2012,6910,A:e
1/12/2012,6850,A:e
1/13/2012,6850,A:e
1/14/2012,6850,A:e
1/15/2012,6190,A:e
1/16/2012,6230,A:e
1/17/2012,6640,A:e
1/18/2012,6790,A:e
1/19/2012,6520,A:e
1/20/2012,6180,A:e
1/21/2012,6260,A:e
1/22/2012,6370,A:e
1/23/2012,6530,A:e
1/24/2012,6920,A:e
1/25/2012,7570,A:e
1/26/2012,8120,A:e
1/27/2012,7800,A:e
1/28/2012,7610,A:e
1/29/2012,7610,A:e
1/30/2012,7460,A:e
1/31/2012,7310,A:e
2/1/2012,7180,A:e
2/2/2012,7120,A:e
2/3/2012,6960,A:e
2/4/2012,6760,A:e
2/5/2012,6420,A:e
2/6/2012,6780,A:e
2/7/2012,6660,A:e
2/8/2012,6390,A:e
2/9/2012,6480,A:e
2/10/2012,6370,A:e
2/11/2012,6410,A:e
2/12/2012,5880,A:e
2/13/2012,6200,A:e
2/14/2012,6460,A:e
2/15/2012,6370,A:e
2/16/2012,6080,A:e
2/17/2012,6400,A:e
2/18/2012,5920,A:e
2/19/2012,5450,A:e
2/20/2012,5340,A:e
2/21/2012,5320,A:e
2/22/2012,5320,A:e
2/23/2012,5610,A:e
2/24/2012,5470,A:e
2/25/2012,5550,A:e
2/26/2012,5530,A:e
2/27/2012,5370,A:e
2/28/2012,5560,A:e
2/29/2012,5580,A:e
3/1/2012,5580,A:e
3/2/2012,5550,A:e
3/3/2012,5620,A:e
3/4/2012,5790,A:e
3/5/2012,5810,A:e
3/6/2012,5810,A:e
3/7/2012,5790,A:e
3/8/2012,6180,A:e
3/9/2012,11600,A
3/10/2012,11800,A
3/11/2012,9680,A
3/12/2012,8930,A
3/13/2012,9500,A
3/14/2012,11400,A
3/15/2012,11100,A
3/16/2012,10600,A
3/17/2012,10800,A
3/18/2012,13700,A
3/19/2012,22700,A
3/20/2012,28700,A
3/21/2012,30200,A
3/22/2012,32500,A
3/23/2012,24700,A
3/24/2012,19800,A
3/25/2012,15600,A
3/26/2012,14500,A
3/27/2012,12800,A
3/28/2012,8400,A
3/29/2012,8130,A
3/30/2012,8040,A
3/31/2012,7340,A
4/1/2012,6420,A
4/2/2012,6550,A
4/3/2012,6030,A
4/4/2012,5360,A
4/5/2012,5310,A
4/6/2012,4730,A
4/7/2012,4510,A
4/8/2012,4380,A
4/9/2012,4250,A
4/10/2012,4250,A
4/11/2012,4690,A
4/12/2012,4590,A
4/13/2012,4360,A
4/14/2012,4030,A
4/15/2012,3800,A
4/16/2012,3490,A
4/17/2012,3570,A
4/18/2012,3680,A
4/19/2012,4030,A
4/20/2012,3320,A
4/21/2012,3570,A
4/22/2012,3530,A
4/23/2012,17400,A
4/24/2012,52500,A
4/25/2012,37900,A
4/26/2012,24200,A
4/27/2012,20300,A
4/28/2012,21500,A
4/29/2012,17700,A
4/30/2012,13600,A
5/1/2012,12300,A
5/2/2012,11500,A
5/3/2012,12300,A
5/4/2012,14000,A
5/5/2012,16400,A
5/6/2012,15700,A
5/7/2012,14000,A
5/8/2012,13600,A
5/9/2012,15500,A
5/10/2012,21200,A
5/11/2012,28500,A
5/12/2012,27700,A
5/13/2012,23300,A
5/14/2012,17700,A
5/15/2012,19000,A
5/16/2012,19300,A
5/17/2012,13400,A
5/18/2012,12700,A
5/19/2012,11100,A
5/20/2012,9510,A
5/21/2012,8840,A
5/22/2012,8130,A
5/23/2012,8010,A
5/24/2012,7720,A
5/25/2012,7570,A
5/26/2012,7020,A
5/27/2012,5290,A
5/28/2012,5520,A
5/29/2012,6850,A
5/30/2012,13800,A
5/31/2012,10300,A
6/1/2012,9830,A
6/2/2012,10200,A
6/3/2012,20800,A
6/4/2012,63900,A
6/5/2012,64400,A
6/6/2012,46400,A
6/7/2012,31900,A
6/8/2012,24400,A
6/9/2012,22800,A
6/10/2012,19200,A
6/11/2012,15600,A
6/12/2012,11400,A
6/13/2012,11900,A
6/14/2012,11500,A
6/15/2012,9440,A
6/16/2012,7480,A
6/17/2012,7430,A
6/18/2012,6460,A
6/19/2012,6760,A
6/20/2012,6330,A
6/21/2012,6060,A
6/22/2012,6830,A
6/23/2012,6630,A
6/24/2012,7560,A
6/25/2012,9810,A
6/26/2012,13200,A
6/27/2012,33300,A
6/28/2012,33800,A
6/29/2012,21600,A
6/30/2012,17000,A
7/1/2012,12800,A
7/2/2012,10400,A
7/3/2012,11700,A
7/4/2012,8980,A
7/5/2012,8260,A
7/6/2012,7400,A
7/7/2012,6930,A
7/8/2012,6320,A
7/9/2012,4850,A
7/10/2012,4900,A
7/11/2012,4870,A
7/12/2012,4710,A
7/13/2012,4570,A
7/14/2012,4400,A
7/15/2012,4470,A
7/16/2012,4560,A
7/17/2012,4760,A
7/18/2012,5550,A
7/19/2012,4550,A
7/20/2012,4470,A
7/21/2012,4290,A
7/22/2012,4130,A
7/23/2012,4170,A
7/24/2012,4140,A
7/25/2012,4100,A
7/26/2012,3550,A
7/27/2012,3060,A
7/28/2012,2880,A
7/29/2012,2820,A
7/30/2012,2820,A
7/31/2012,2810,A
8/1/2012,2850,A
8/2/2012,3050,A
8/3/2012,2820,A
8/4/2012,2870,A
8/5/2012,2790,A
8/6/2012,3770,A
8/7/2012,2960,A
8/8/2012,2390,A
8/9/2012,1770,A
8/10/2012,2610,A
8/11/2012,5380,A
8/12/2012,5260,A
8/13/2012,4170,A
8/14/2012,3550,A
8/15/2012,2980,A
8/16/2012,4070,A
8/17/2012,12400,A
8/18/2012,8400,A
8/19/2012,5450,A
8/20/2012,4250,A
8/21/2012,3110,A
8/22/2012,3210,A
8/23/2012,3240,A
8/24/2012,2770,A
8/25/2012,2890,A
8/26/2012,3080,A
8/27/2012,2580,A
8/28/2012,2560,A
8/29/2012,2670,A
8/30/2012,2670,A
8/31/2012,2580,A
9/1/2012,2570,A
9/2/2012,2560,A
9/3/2012,2910,A
9/4/2012,2770,A
9/5/2012,4860,A
9/6/2012,9020,A
9/7/2012,8160,A
9/8/2012,5810,A
9/9/2012,6560,A
9/10/2012,10200,A
9/11/2012,5830,A
9/12/2012,4610,A
9/13/2012,4530,A
9/14/2012,3840,A
9/15/2012,3880,A
9/16/2012,3850,A
9/17/2012,3880,A
9/18/2012,3580,A
9/19/2012,6420,A
9/20/2012,11000,A
9/21/2012,6580,A
9/22/2012,5670,A
9/23/2012,5360,A
9/24/2012,4510,A
9/25/2012,4610,A
9/26/2012,5030,A
9/27/2012,5370,A
9/28/2012,4370,A
9/29/2012,4650,A
9/30/2012,4840,A
10/1/2012,11800,A
10/2/2012,14500,A
10/3/2012,10600,A
10/4/2012,9080,A
10/5/2012,10400,A
10/6/2012,11800,A
10/7/2012,12200,A
10/8/2012,10100,A
10/9/2012,9690,A
10/10/2012,9310,A
10/11/2012,9280,A
10/12/2012,10000,A
10/13/2012,7170,A
10/14/2012,7200,A
10/15/2012,7070,A
10/16/2012,8690,A
10/17/2012,10300,A
10/18/2012,8500,A
10/19/2012,7900,A
10/20/2012,10500,A
10/21/2012,14800,A
10/22/2012,11300,A
10/23/2012,9490,A
10/24/2012,8860,A
10/25/2012,7350,A
10/26/2012,6580,A
10/27/2012,8580,A
10/28/2012,9370,A
10/29/2012,10400,A
10/30/2012,18500,A
10/31/2012,43100,A
11/1/2012,41600,A
11/2/2012,28900,A
11/3/2012,20300,A
11/4/2012,17800,A
11/5/2012,14700,A
11/6/2012,12000,A
11/7/2012,11600,A
11/8/2012,10500,A
11/9/2012,12500,A
11/10/2012,11900,A
11/11/2012,10900,A
11/12/2012,12200,A
11/13/2012,11200,A
11/14/2012,10500,A
11/15/2012,10700,A
11/16/2012,10100,A
11/17/2012,10000,A
11/18/2012,9680,A
11/19/2012,8870,A
11/20/2012,9150,A
11/21/2012,7650,A
11/22/2012,7790,A
11/23/2012,7830,A
11/24/2012,7990,A
11/25/2012,7760,A
11/26/2012,8000,A
11/27/2012,7590,A
11/28/2012,7320,A
11/29/2012,6910,A
11/30/2012,6710,A
12/1/2012,6560,A
12/2/2012,6760,A
12/3/2012,7140,A
12/4/2012,7530,A
12/5/2012,9040,A
12/6/2012,9200,A
12/7/2012,9440,A
12/8/2012,8220,A
12/9/2012,8250,A
12/10/2012,8520,A
12/11/2012,8630,A
12/12/2012,8920,A
12/13/2012,8560,A
12/14/2012,8300,A
12/15/2012,7810,A
12/16/2012,7430,A
12/17/2012,7610,A
12/18/2012,7560,A
12/19/2012,9700,A
12/20/2012,11500,A
12/21/2012,11600,A
12/22/2012,25100,A
12/23/2012,23100,A
12/24/2012,17200,A
12/25/2012,12100,A:e
12/26/2012,11300,A:e
12/27/2012,9820,A:e
12/28/2012,10100,A:e
12/29/2012,9880,A:e
12/30/2012,9700,A:e
12/31/2012,8710,A:e
1/1/2013,8820,A:e
1/2/2013,7660,A:e
1/3/2013,7440,A:e
1/4/2013,7750,A:e
1/5/2013,7560,A:e
1/6/2013,7240,A:e
1/7/2013,7240,A:e
1/8/2013,7030,A:e
1/9/2013,7160,A:e
1/10/2013,7470,A:e
1/11/2013,7350,A:e
1/12/2013,7090,A:e
1/13/2013,7140,A:e
1/14/2013,7590,A:e
1/15/2013,8270,A:e
1/16/2013,8630,A:e
1/17/2013,8370,A:e
1/18/2013,7920,A:e
1/19/2013,7400,A:e
1/20/2013,7870,A:e
1/21/2013,7770,A:e
1/22/2013,7180,A:e
1/23/2013,7680,A:e
1/24/2013,7130,A:e
1/25/2013,6980,A:e
1/26/2013,7330,A:e
1/27/2013,7240,A:e
1/28/2013,7240,A:e
1/29/2013,7290,A:e
1/30/2013,7330,A:e
1/31/2013,11400,A:e
2/1/2013,21700,A:e
2/2/2013,17100,A:e
2/3/2013,13900,A:e
2/4/2013,11900,A:e
2/5/2013,10300,A:e
2/6/2013,9250,A:e
2/7/2013,8780,A:e
2/8/2013,8570,A:e
2/9/2013,7430,A:e
2/10/2013,7810,A:e
2/11/2013,7860,A:e
2/12/2013,7930,A:e
2/13/2013,8600,A:e
2/14/2013,8390,A:e
2/15/2013,8440,A:e
2/16/2013,7840,A:e
2/17/2013,7560,A:e
2/18/2013,7700,A:e
2/19/2013,7470,A:e
2/20/2013,8170,A:e
2/21/2013,8270,A:e
2/22/2013,8300,A:e
2/23/2013,8090,A:e
2/24/2013,8060,A:e
2/25/2013,7980,A:e
2/26/2013,7880,A:e
2/27/2013,7750,A:e
2/28/2013,7800,A:e
3/1/2013,7980,A:e
3/2/2013,8030,A:e
3/3/2013,8000,A:e
3/4/2013,8260,A:e
3/5/2013,8150,A:e
3/6/2013,8530,A:e
3/7/2013,9400,A:e
3/8/2013,8950,A:e
3/9/2013,8910,A:e
3/10/2013,9140,A:e
3/11/2013,9660,A:e
3/12/2013,10500,A:e
3/13/2013,19300,A:e
3/14/2013,26600,A:e
3/15/2013,24500,A
3/16/2013,20800,A
3/17/2013,17400,A
3/18/2013,14300,A
3/19/2013,13600,A
3/20/2013,13200,A
3/21/2013,12700,A
3/22/2013,12100,A
3/23/2013,11000,A
3/24/2013,10500,A
3/25/2013,10400,A
3/26/2013,10600,A
3/27/2013,11100,A
3/28/2013,12200,A
3/29/2013,13300,A
3/30/2013,15900,A
3/31/2013,16200,A
4/1/2013,17000,A
4/2/2013,20000,A
4/3/2013,17200,A
4/4/2013,13200,A
4/5/2013,12900,A
4/6/2013,13400,A
4/7/2013,12600,A
4/8/2013,11900,A
4/9/2013,13200,A
4/10/2013,17200,A
4/11/2013,16600,A
4/12/2013,15300,A
4/13/2013,15800,A
4/14/2013,15000,A
4/15/2013,14700,A
4/16/2013,13700,A
4/17/2013,17200,A
4/18/2013,20300,A
4/19/2013,18900,A
4/20/2013,23200,A
4/21/2013,32400,A
4/22/2013,20400,A
4/23/2013,15500,A
4/24/2013,14200,A
4/25/2013,13700,A
4/26/2013,13800,A
4/27/2013,13100,A
4/28/2013,10500,A
4/29/2013,10000,A
4/30/2013,9010,A
5/1/2013,9740,A
5/2/2013,9470,A
5/3/2013,9230,A
5/4/2013,7830,A
5/5/2013,7520,A
5/6/2013,5760,A
5/7/2013,6210,A
5/8/2013,5190,A
5/9/2013,5480,A
5/10/2013,7080,A
5/11/2013,6140,A
5/12/2013,8110,A
5/13/2013,13800,A
5/14/2013,8960,A
5/15/2013,7080,A
5/16/2013,5430,A
5/17/2013,5780,A
5/18/2013,4670,A
5/19/2013,4160,A
5/20/2013,4810,A
5/21/2013,10700,A
5/22/2013,20200,A
5/23/2013,19500,A
5/24/2013,19300,A
5/25/2013,40800,A
5/26/2013,55900,A
5/27/2013,53800,A
5/28/2013,41100,A
5/29/2013,25100,A
5/30/2013,23200,A
5/31/2013,20400,A
6/1/2013,20100,A
6/2/2013,17700,A
6/3/2013,22900,A
6/4/2013,24100,A
6/5/2013,18700,A
6/6/2013,16800,A
6/7/2013,16700,A
6/8/2013,18300,A
6/9/2013,25700,A
6/10/2013,18900,A
6/11/2013,16500,A
6/12/2013,21700,A
6/13/2013,25400,A
6/14/2013,24800,A
6/15/2013,23500,A
6/16/2013,17500,A
6/17/2013,16200,A
6/18/2013,13700,A
6/19/2013,14100,A
6/20/2013,11000,A
6/21/2013,9260,A
6/22/2013,8220,A
6/23/2013,8070,A
6/24/2013,8750,A
6/25/2013,9230,A
6/26/2013,8520,A
6/27/2013,13000,A
6/28/2013,19700,A
6/29/2013,32500,A
6/30/2013,35800,A
7/1/2013,31700,A
7/2/2013,32900,A
7/3/2013,42200,A
7/4/2013,28500,A
7/5/2013,18300,A:e
7/6/2013,13800,A:e
7/7/2013,11200,A:e
7/8/2013,12900,A:e
7/9/2013,10100,A:e
7/10/2013,8000,A:e
7/11/2013,8190,A:e
7/12/2013,8550,A:e
7/13/2013,7080,A:e
7/14/2013,6870,A:e
7/15/2013,6700,A:e
7/16/2013,6660,A:e
7/17/2013,6950,A:e
7/18/2013,7390,A:e
7/19/2013,7660,A:e
7/20/2013,7040,A:e
7/21/2013,6230,A:e
7/22/2013,5820,A:e
7/23/2013,8000,A:e
7/24/2013,10700,A:e
7/25/2013,7660,A:e
7/26/2013,6650,A:e
7/27/2013,6410,A:e
7/28/2013,6070,A:e
7/29/2013,5850,A:e
7/30/2013,5670,A:e
7/31/2013,5780,A:e
8/1/2013,4900,A:e
8/2/2013,5300,A:e
8/3/2013,8030,A:e
8/4/2013,6810,A:e
8/5/2013,5880,A:e
8/6/2013,5360,A:e
8/7/2013,4800,A:e
8/8/2013,4520,A:e
8/9/2013,5630,A:e
8/10/2013,14100,A:e
8/11/2013,8290,A:e
8/12/2013,5950,A:e
8/13/2013,5570,A:e
8/14/2013,5470,A:e
8/15/2013,5020,A:e
8/16/2013,4380,A:e
8/17/2013,4360,A:e
8/18/2013,4150,A:e
8/19/2013,4170,A:e
8/20/2013,3950,A:e
8/21/2013,3740,A:e
8/22/2013,3910,A:e
8/23/2013,3890,A:e
8/24/2013,3520,A:e
8/25/2013,3420,A:e
8/26/2013,3270,A:e
8/27/2013,3420,A
8/28/2013,3800,A
8/29/2013,4020,A
8/30/2013,4250,A
8/31/2013,4310,A
9/1/2013,5600,A
9/2/2013,8570,A
9/3/2013,20200,A
9/4/2013,13600,A
9/5/2013,10500,A
9/6/2013,8110,A
9/7/2013,6500,A
9/8/2013,6950,A
9/9/2013,7690,A
9/10/2013,7760,A
9/11/2013,7000,A
9/12/2013,6290,A
9/13/2013,11000,A
9/14/2013,19700,A
9/15/2013,15200,A
9/16/2013,10900,A
9/17/2013,8820,A
9/18/2013,8870,A
9/19/2013,8540,A
9/20/2013,7160,A
9/21/2013,7320,A
9/22/2013,7510,A
9/23/2013,8120,A
9/24/2013,8250,A
9/25/2013,7700,A
9/26/2013,6520,A
9/27/2013,7050,A
9/28/2013,8500,A
9/29/2013,7500,A
9/30/2013,7470,A
10/1/2013,7610,A
10/2/2013,7570,A
10/3/2013,7470,A
10/4/2013,7460,A
10/5/2013,6990,A
10/6/2013,6760,A
10/7/2013,7810,A
10/8/2013,7560,A
10/9/2013,8480,A
10/10/2013,8230,A
10/11/2013,7450,A
10/12/2013,4590,A
10/13/2013,5440,A
10/14/2013,5790,A
10/15/2013,4340,A
10/16/2013,4960,A
10/17/2013,4940,A
10/18/2013,4530,A
10/19/2013,4590,A
10/20/2013,4990,A
10/21/2013,4560,A
10/22/2013,4200,A
10/23/2013,4650,A
10/24/2013,3980,A
10/25/2013,4580,A
10/26/2013,4500,A
10/27/2013,4530,A
10/28/2013,4160,A
10/29/2013,4430,A
10/30/2013,4280,A
10/31/2013,4310,A
11/1/2013,5380,A
11/2/2013,7620,A
11/3/2013,6220,A
11/4/2013,4720,A
11/5/2013,4870,A
11/6/2013,6250,A
11/7/2013,4550,A
11/8/2013,4350,A
11/9/2013,3580,A
11/10/2013,4930,A
11/11/2013,4160,A
11/12/2013,4760,A
11/13/2013,4330,A
11/14/2013,3800,A
11/15/2013,2980,A
11/16/2013,2840,A
11/17/2013,3190,A
11/18/2013,3540,A
11/19/2013,7450,A
11/20/2013,7570,A
11/21/2013,4510,A
11/22/2013,4260,A
11/23/2013,3490,A
11/24/2013,4640,A
11/25/2013,3490,A
11/26/2013,5740,A
11/27/2013,11100,A
11/28/2013,25700,A
11/29/2013,14800,A
11/30/2013,9750,A:e
12/1/2013,7080,A:e
12/2/2013,6580,A:e
12/3/2013,7340,A:e
12/4/2013,6780,A:e
12/5/2013,6060,A:e
12/6/2013,6040,A:e
12/7/2013,6990,A:e
12/8/2013,5680,A:e
12/9/2013,5790,A:e
12/10/2013,5410,A:e
12/11/2013,4550,A:e
12/12/2013,4980,A:e
12/13/2013,4850,A:e
12/14/2013,4640,A:e
12/15/2013,5070,A:e
12/16/2013,5320,A:e
12/17/2013,5420,A:e
12/18/2013,6010,A:e
12/19/2013,5900,A:e
12/20/2013,5220,A:e
12/21/2013,5050,A:e
12/22/2013,5620,A:e
12/23/2013,5720,A:e
12/24/2013,6120,A:e
12/25/2013,5900,A:e
12/26/2013,5160,A:e
12/27/2013,5420,A:e
12/28/2013,5280,A:e
12/29/2013,4650,A:e
12/30/2013,4560,A:e
12/31/2013,4440,A:e
1/1/2014,4820,A:e
1/2/2014,4780,A:e
1/3/2014,4690,A:e
1/4/2014,4650,A:e
1/5/2014,4730,A:e
1/6/2014,5790,A:e
1/7/2014,10400,A:e
1/8/2014,10800,A:e
1/9/2014,9690,A:e
1/10/2014,8600,A:e
1/11/2014,8370,A:e
1/12/2014,11000,A:e
1/13/2014,12000,A:e
1/14/2014,12100,A:e
1/15/2014,14700,A:e
1/16/2014,16000,A:e
1/17/2014,15400,A:e
1/18/2014,12300,A:e
1/19/2014,10400,A:e
1/20/2014,9170,A:e
1/21/2014,8290,A:e
1/22/2014,7620,A:e
1/23/2014,7490,A:e
1/24/2014,7350,A:e
1/25/2014,7350,A:e
1/26/2014,7990,A:e
1/27/2014,7770,A:e
1/28/2014,7840,A:e
1/29/2014,7890,A:e
1/30/2014,7740,A:e
1/31/2014,7530,A:e
2/1/2014,7460,A:e
2/2/2014,7330,A:e
2/3/2014,7190,A:e
2/4/2014,7060,A:e
2/5/2014,7530,A:e
2/6/2014,7060,A:e
2/7/2014,5360,A:e
2/8/2014,4800,A:e
2/9/2014,4670,A:e
2/10/2014,5460,A:e
2/11/2014,5660,A:e
2/12/2014,5660,A:e
2/13/2014,5410,A:e
2/14/2014,4590,A:e
2/15/2014,3820,A:e
2/16/2014,5310,A:e
2/17/2014,5310,A:e
2/18/2014,5120,A:e
2/19/2014,5220,A:e
2/20/2014,5220,A:e
2/21/2014,5270,A:e
2/22/2014,5410,A:e
2/23/2014,5670,A:e
2/24/2014,5830,A:e
2/25/2014,5510,A:e
2/26/2014,5270,A:e
2/27/2014,5030,A:e
2/28/2014,4760,A:e
3/1/2014,3890,A:e
3/2/2014,3510,A:e
3/3/2014,3420,A:e
3/4/2014,3350,A:e
3/5/2014,3350,A:e
3/6/2014,4110,A:e
3/7/2014,3730,A:e
3/8/2014,3500,A:e
3/9/2014,3500,A:e
3/10/2014,3760,A:e
3/11/2014,3590,A:e
3/12/2014,3430,A:e
3/13/2014,3280,A:e
3/14/2014,4450,A:e
3/15/2014,4250,A:e
3/16/2014,4320,A:e
3/17/2014,4020,A:e
3/18/2014,3800,A:e
3/19/2014,3730,A:e
3/20/2014,4660,A:e
3/21/2014,4170,A:e
3/22/2014,3800,A:e
3/23/2014,3590,A:e
3/24/2014,4070,A:e
3/25/2014,4840,A:e
3/26/2014,4700,A:e
3/27/2014,4530,A:e
3/28/2014,4330,A:e
3/29/2014,4060,A:e
3/30/2014,5710,A:e
3/31/2014,8110,A:e
4/1/2014,8850,A:e
4/2/2014,8850,A:e
4/3/2014,8770,A:e
4/4/2014,9100,A:e
4/5/2014,9980,A:e
4/6/2014,11000,A:e
4/7/2014,12300,A:e
4/8/2014,16700,A:e
4/9/2014,24600,A:e
4/10/2014,27700,A:e
4/11/2014,28500,A:e
4/12/2014,39700,A
4/13/2014,43600,A
4/14/2014,38200,A
4/15/2014,47000,A
4/16/2014,76200,A
4/17/2014,67300,A
4/18/2014,44800,A
4/19/2014,34500,A
4/20/2014,32200,A
4/21/2014,28400,A
4/22/2014,27300,A
4/23/2014,32000,A
4/24/2014,36500,A
4/25/2014,28900,A
4/26/2014,25900,A
4/27/2014,25600,A
4/28/2014,25400,A
4/29/2014,23600,A
4/30/2014,21600,A
5/1/2014,22000,A
5/2/2014,28200,A
5/3/2014,27600,A
5/4/2014,26000,A
5/5/2014,22600,A
5/6/2014,23900,A
5/7/2014,23700,A
5/8/2014,22100,A
5/9/2014,22600,A
5/10/2014,19800,A
5/11/2014,17100,A
5/12/2014,15400,A
5/13/2014,12900,A
5/14/2014,12900,A
5/15/2014,15000,A
5/16/2014,17000,A
5/17/2014,19700,A
5/18/2014,43200,A
5/19/2014,27000,A
5/20/2014,21100,A
5/21/2014,20500,A
5/22/2014,18000,A
5/23/2014,14000,A
5/24/2014,11400,A
5/25/2014,9200,A
5/26/2014,8190,A
5/27/2014,10000,A
5/28/2014,11400,A
5/29/2014,12400,A
5/30/2014,11800,A
5/31/2014,13000,A
6/1/2014,11900,A
6/2/2014,8370,A
6/3/2014,8350,A
6/4/2014,6770,A
6/5/2014,8230,A
6/6/2014,7520,A
6/7/2014,7500,A
6/8/2014,6940,A
6/9/2014,6470,A
6/10/2014,5020,A
6/11/2014,2980,A
6/12/2014,5880,A
6/13/2014,6530,A
6/14/2014,23800,A
6/15/2014,21400,A
6/16/2014,16800,A
6/17/2014,14300,A
6/18/2014,12000,A
6/19/2014,13200,A
6/20/2014,11600,A
6/21/2014,13300,A
6/22/2014,8920,A
6/23/2014,9850,A
6/24/2014,7300,A
6/25/2014,6260,A
6/26/2014,14100,A
6/27/2014,21600,A
6/28/2014,14400,A
6/29/2014,13700,A
6/30/2014,10400,A
7/1/2014,8710,A
7/2/2014,6800,A
7/3/2014,9050,A
7/4/2014,9750,A
7/5/2014,28900,A
7/6/2014,35800,A
7/7/2014,25700,A
7/8/2014,22900,A
7/9/2014,17200,A
7/10/2014,11900,A
7/11/2014,11500,A
7/12/2014,9990,A
7/13/2014,7910,A
7/14/2014,7130,A
7/15/2014,7570,A
7/16/2014,13500,A
7/17/2014,12700,A
7/18/2014,9720,A
7/19/2014,9030,A
7/20/2014,8030,A
7/21/2014,6900,A
7/22/2014,5810,A
7/23/2014,7250,A
7/24/2014,7610,A
7/25/2014,6770,A
7/26/2014,5240,A
7/27/2014,3940,A
7/28/2014,4330,A
7/29/2014,12800,A
7/30/2014,13400,A
7/31/2014,9740,A
8/1/2014,9560,A
8/2/2014,9250,A
8/3/2014,7800,A
8/4/2014,7490,A
8/5/2014,7140,A
8/6/2014,7230,A
8/7/2014,9500,A
8/8/2014,9340,A
8/9/2014,9400,A
8/10/2014,9440,A
8/11/2014,8370,A
8/12/2014,8530,A
8/13/2014,8370,A
8/14/2014,26900,A
8/15/2014,30700,A
8/16/2014,17200,A
8/17/2014,17800,A
8/18/2014,14400,A
8/19/2014,13300,A
8/20/2014,11800,A
8/21/2014,11400,A
8/22/2014,10400,A
8/23/2014,10200,A
8/24/2014,9450,A
8/25/2014,8570,A
8/26/2014,7440,A
8/27/2014,8380,A
8/28/2014,8070,A
8/29/2014,8340,A
8/30/2014,7710,A
8/31/2014,7640,A
9/1/2014,7730,A
9/2/2014,8010,A
9/3/2014,7950,A
9/4/2014,8190,A
9/5/2014,8170,A
9/6/2014,7910,A
9/7/2014,6620,A
9/8/2014,6150,A
9/9/2014,6070,A
9/10/2014,6630,A
9/11/2014,5770,A
9/12/2014,4670,A
9/13/2014,4780,A
9/14/2014,4860,A
9/15/2014,4670,A
9/16/2014,4710,A
9/17/2014,4940,A
9/18/2014,4110,A
9/19/2014,3100,A
9/20/2014,3150,A
9/21/2014,3400,A
9/22/2014,3560,A
9/23/2014,3320,A
9/24/2014,3070,A
9/25/2014,3280,A
9/26/2014,3280,A
9/27/2014,3220,A
9/28/2014,3250,A
9/29/2014,3310,A
9/30/2014,3010,A
10/1/2014,2910,P
10/2/2014,3000,P
10/3/2014,2840,P
10/4/2014,3030,P
10/5/2014,4050,P
10/6/2014,3850,P
10/7/2014,4440,P
10/8/2014,6320,P
10/9/2014,9830,P
10/10/2014,8480,P
10/11/2014,6330,P
10/12/2014,4730,P
10/13/2014,2580,P
10/14/2014,2500,P
10/15/2014,2560,P
10/16/2014,2950,P
10/17/2014,7580,P
10/18/2014,14700,P
10/19/2014,7080,P
10/20/2014,6240,P
10/21/2014,7470,P
10/22/2014,9210,P
10/23/2014,11800,P
10/24/2014,34800,P
10/25/2014,34200,P
10/26/2014,23000,P
10/27/2014,15200,P
10/28/2014,11800,P
10/29/2014,11800,P
10/30/2014,9300,P
10/31/2014,8160,P
11/1/2014,7310,P
11/2/2014,7710,P
11/3/2014,7910,P
11/4/2014,7090,P
11/5/2014,6620,P
11/6/2014,7300,P
11/7/2014,7460,P
11/8/2014,7220,P
11/9/2014,8140,P
11/10/2014,7090,P
11/11/2014,7140,P
11/12/2014,6890,P
11/13/2014,6330,P
11/14/2014,7210,P
11/15/2014,7690,P
11/16/2014,7120,P
11/17/2014,7500,P
11/18/2014,8190,P
11/19/2014,8300,P
11/20/2014,8110,P
11/21/2014,6280,P
11/22/2014,4320,P
11/23/2014,4480,P
11/24/2014,5870,P
11/25/2014,9970,P
11/26/2014,10100,P
11/27/2014,8780,P
11/28/2014,8110,P
11/29/2014,6880,P
11/30/2014,6290,P
12/1/2014,7100,P
12/2/2014,7630,P
12/3/2014,7100,P
12/4/2014,6860,P
12/5/2014,7010,P
12/6/2014,6090,P
12/7/2014,6770,P
12/8/2014,6560,P
12/9/2014,6940,P
12/10/2014,13500,P
12/11/2014,28600,P
12/12/2014,27100,P
12/13/2014,20900,P
12/14/2014,19200,P
12/15/2014,15800,P
12/16/2014,14600,P
12/17/2014,15900,P
12/18/2014,24500,P
12/19/2014,21500,P
12/20/2014,16800,P
12/21/2014,13700,P
12/22/2014,13300,P
12/23/2014,13300,P
12/24/2014,12700,P
12/25/2014,19700,P
12/26/2014,27700,P
12/27/2014,23200,P
12/28/2014,17900,P
12/29/2014,17600,P
12/30/2014,16400,P
12/31/2014,13300,P
