Year,Month,Temp
1744,1,NaN
1744,2,NaN
1744,3,NaN
1744,4,9.788
1744,5,15.708
1744,6,21.21
1744,7,22.207
1744,8,NaN
1744,9,14.922
1744,10,8.968
1744,11,3.161
1744,12,-2.681
1745,1,-2.363
1745,2,-2.671
1745,3,1.363
1745,4,8.209
1745,5,NaN
1745,6,NaN
1745,7,NaN
1745,8,NaN
1745,9,NaN
1745,10,NaN
1745,11,NaN
1745,12,NaN
1746,1,NaN
1746,2,NaN
1746,3,NaN
1746,4,NaN
1746,5,NaN
1746,6,NaN
1746,7,NaN
1746,8,NaN
1746,9,NaN
1746,10,NaN
1746,11,NaN
1746,12,NaN
1747,1,NaN
1747,2,NaN
1747,3,NaN
1747,4,NaN
1747,5,NaN
1747,6,NaN
1747,7,NaN
1747,8,NaN
1747,9,NaN
1747,10,NaN
1747,11,NaN
1747,12,NaN
1748,1,NaN
1748,2,NaN
1748,3,NaN
1748,4,NaN
1748,5,NaN
1748,6,NaN
1748,7,NaN
1748,8,NaN
1748,9,NaN
1748,10,NaN
1748,11,NaN
1748,12,NaN
1749,1,NaN
1749,2,NaN
1749,3,NaN
1749,4,NaN
1749,5,NaN
1749,6,NaN
1749,7,NaN
1749,8,NaN
1749,9,NaN
1749,10,NaN
1749,11,NaN
1749,12,NaN
1750,1,-4.31
1750,2,-2.719
1750,3,2.773
1750,4,8.848
1750,5,15.411
1750,6,19.017
1750,7,24.203
1750,8,22.135
1750,9,-0.135
1750,10,9.076
1750,11,NaN
1750,12,-1.093
1751,1,-3.591
1751,2,-2.051
1751,3,3.256
1751,4,7.992
1751,5,NaN
1751,6,20.724
1751,7,22.668
1751,8,21.547
1751,9,-1.768
1751,10,NaN
1751,11,NaN
1751,12,NaN
1752,1,-7.588
1752,2,NaN
1752,3,3.322
1752,4,7.402
1752,5,NaN
1752,6,NaN
1752,7,NaN
1752,8,NaN
1752,9,NaN
1752,10,9.391
1752,11,5.831
1752,12,-1.471
1753,1,-3.122
1753,2,-1.467
1753,3,4.207
1753,4,8.099
1753,5,15.33
1753,6,20.82
1753,7,22.524
1753,8,21.324
1753,9,-2.032
1753,10,10.479
1753,11,3.363
1753,12,-2.854
1754,1,-2.252
1754,2,-2.583
1754,3,2.728
1754,4,NaN
1754,5,NaN
1754,6,20.075
1754,7,22.503
1754,8,21.461
1754,9,-1.299
1754,10,11.477
1754,11,NaN
1754,12,-0.752
1755,1,-3.193
1755,2,-1.802
1755,3,1.112
1755,4,8.714
1755,5,15.238
1755,6,19.964
1755,7,NaN
1755,8,NaN
1755,9,-1.443
1755,10,8.669
1755,11,3.599
1755,12,-2.381
1756,1,-1.985
1756,2,0.259
1756,3,NaN
1756,4,NaN
1756,5,NaN
1756,6,20.488
1756,7,22.452
1756,8,21.208
1756,9,-0.235
1756,10,9.662
1756,11,2.894
1756,12,-2.9
1757,1,-4.79
1757,2,-1.507
1757,3,2.26
1757,4,7.666
1757,5,15.332
1757,6,22.461
1757,7,24.345
1757,8,21.159
1757,9,NaN
1757,10,9.42
1757,11,2.957
1757,12,-1.555
1758,1,-4.982
1758,2,-3.689
1758,3,1.532
1758,4,7.768
1758,5,13.844
1758,6,19.097
1758,7,21.276
1758,8,19.42
1758,9,-2.194
1758,10,7.043
1758,11,3.784
1758,12,-2.676
1759,1,-3.35
1759,2,-0.007
1759,3,2.711
1759,4,7.991
1759,5,14.739
1759,6,19.267
1759,7,19.827
1759,8,19.814
1759,9,-1.021
1759,10,10.81
1759,11,4.375
1759,12,-4.647
1760,1,-4.2
1760,2,-1.327
1760,3,1.358
1760,4,8.617
1760,5,14.091
1760,6,18.554
1760,7,NaN
1760,8,21.479
1760,9,-1.535
1760,10,9.188
1760,11,3.376
1760,12,-2.189
1761,1,-6.9
1761,2,-2.162
1761,3,3.621
1761,4,8.279
1761,5,18.068
1761,6,25.728
1761,7,29.141
1761,8,21.351
1761,9,-1.555
1761,10,NaN
1761,11,4.249
1761,12,-5.41
1762,1,NaN
1762,2,-2.559
1762,3,0.76
1762,4,9.184
1762,5,15.511
1762,6,20.677
1762,7,23.667
1762,8,NaN
1762,9,-1.327
1762,10,8.752
1762,11,4.145
1762,12,-0.902
1763,1,-6.632
1763,2,-4.01
1763,3,0.71
1763,4,8.061
1763,5,13.984
1763,6,19.517
1763,7,NaN
1763,8,21.195
1763,9,-1.211
1763,10,NaN
1763,11,3.079
1763,12,0.008
1764,1,-3.228
1764,2,0.683
1764,3,2.562
1764,4,NaN
1764,5,NaN
1764,6,17.642
1764,7,20.943
1764,8,20.419
1764,9,-2.389
1764,10,13.034
1764,11,5.831
1764,12,2.377
1765,1,-4.023
1765,2,-0.558
1765,3,3.977
1765,4,9.915
1765,5,15.262
1765,6,NaN
1765,7,21.415
1765,8,21.373
1765,9,-0.855
1765,10,10.026
1765,11,5.06
1765,12,-0.664
1766,1,-4.324
1766,2,0.621
1766,3,2.801
1766,4,8.662
1766,5,15.176
1766,6,20.605
1766,7,22.121
1766,8,22.44
1766,9,1.052
1766,10,10.217
1766,11,5.72
1766,12,-1.544
1767,1,-3.511
1767,2,-2.073
1767,3,2.647
1767,4,8.55
1767,5,13.56
1767,6,NaN
1767,7,22.095
1767,8,22.969
1767,9,-1.226
1767,10,10.404
1767,11,5.413
1767,12,-2.673
1768,1,-3.644
1768,2,1.139
1768,3,0.857
1768,4,6.302
1768,5,13.484
1768,6,17.737
1768,7,21.133
1768,8,20.494
1768,9,-1.893
1768,10,9.103
1768,11,3.407
1768,12,-1.661
1769,1,-1.794
1769,2,-2.48
1769,3,2.086
1769,4,8.157
1769,5,13.858
1769,6,20.674
1769,7,22.372
1769,8,21.182
1769,9,-0.485
1769,10,8.261
1769,11,2.268
1769,12,-2.459
1770,1,-4.794
1770,2,-1.657
1770,3,0.316
1770,4,8.689
1770,5,14.3
1770,6,19.44
1770,7,22.242
1770,8,21.352
1770,9,-1.216
1770,10,8.748
1770,11,4.558
1770,12,-1.092
1771,1,-0.039
1771,2,-4.02
1771,3,2.995
1771,4,8.771
1771,5,16.185
1771,6,20.092
1771,7,22.235
1771,8,22.534
1771,9,-0.722
1771,10,12.686
1771,11,6.34
1771,12,-2.468
1772,1,-3.74
1772,2,-1.898
1772,3,-0.539
1772,4,9.009
1772,5,13.882
1772,6,19.348
1772,7,22.871
1772,8,21.212
1772,9,-2.237
1772,10,11.551
1772,11,5.988
1772,12,2.667
1773,1,-2.708
1773,2,-5.051
1773,3,2.469
1773,4,9.441
1773,5,16.254
1773,6,20.253
1773,7,23.244
1773,8,21.524
1773,9,0.64
1773,10,11.592
1773,11,3.929
1773,12,1.778
1774,1,-6.386
1774,2,-1.681
1774,3,3.005
1774,4,12.664
1774,5,NaN
1774,6,19.994
1774,7,23.026
1774,8,21.752
1774,9,-1.04
1774,10,12.923
1774,11,4.453
1774,12,-1.597
1775,1,-1.127
1775,2,1.335
1775,3,4.784
1775,4,8.367
1775,5,17.038
1775,6,18.539
1775,7,22.648
1775,8,21.225
1775,9,-1.173
1775,10,10.712
1775,11,5.265
1775,12,-2.279
1776,1,-4.406
1776,2,-1.976
1776,3,1.712
1776,4,8.185
1776,5,NaN
1776,6,19.891
1776,7,21.538
1776,8,21.448
1776,9,-0.161
1776,10,11
1776,11,5.661
1776,12,-0.002
1777,1,-1.703
1777,2,-1.677
1777,3,2.658
1777,4,7.094
1777,5,13.042
1777,6,18.438
1777,7,19.05
1777,8,21.208
1777,9,-2.022
1777,10,10.008
1777,11,3.394
1777,12,-1.889
1778,1,-2.395
1778,2,NaN
1778,3,NaN
1778,4,NaN
1778,5,13.965
1778,6,18.564
1778,7,NaN
1778,8,NaN
1778,9,NaN
1778,10,11.455
1778,11,2.461
1778,12,-2.739
1779,1,-3.598
1779,2,2.204
1779,3,2.134
1779,4,NaN
1779,5,NaN
1779,6,NaN
1779,7,NaN
1779,8,NaN
1779,9,NaN
1779,10,NaN
1779,11,NaN
1779,12,NaN
1780,1,NaN
1780,2,NaN
1780,3,NaN
1780,4,NaN
1780,5,NaN
1780,6,NaN
1780,7,NaN
1780,8,NaN
1780,9,NaN
1780,10,NaN
1780,11,NaN
1780,12,NaN
1781,1,-0.665
1781,2,-0.648
1781,3,2.728
1781,4,7.723
1781,5,14.866
1781,6,19.033
1781,7,23.319
1781,8,22.202
1781,9,-1.358
1781,10,10.703
1781,11,3.072
1781,12,-1.1
1782,1,-5.17
1782,2,-3.844
1782,3,0.662
1782,4,10.131
1782,5,15.515
1782,6,21.032
1782,7,21.423
1782,8,22.76
1782,9,0.459
1782,10,8.566
1782,11,2.653
1782,12,-1.94
1783,1,-5.014
1783,2,-0.45
1783,3,1.627
1783,4,8.539
1783,5,15.389
1783,6,21.182
1783,7,21.486
1783,8,21.439
1783,9,-3.342
1783,10,8.316
1783,11,1.221
1783,12,-2.21
1784,1,-6.08
1784,2,-6.486
1784,3,0.747
1784,4,6.116
1784,5,14.21
1784,6,19.949
1784,7,22.174
1784,8,22.545
1784,9,-1.206
1784,10,8.674
1784,11,5.033
1784,12,-2.423
1785,1,-5.126
1785,2,-3.453
1785,3,-1.343
1785,4,7.245
1785,5,13.007
1785,6,20.938
1785,7,22.188
1785,8,21.504
1785,9,-2.32
1785,10,9.514
1785,11,3.874
1785,12,-1.681
1786,1,-5.301
1786,2,-2.107
1786,3,4.104
1786,4,8.086
1786,5,14.358
1786,6,20.754
1786,7,22.594
1786,8,20.381
1786,9,-0.64
1786,10,10.737
1786,11,1.636
1786,12,-4.374
1787,1,-3.09
1787,2,-2.79
1787,3,3.155
1787,4,8.756
1787,5,13.978
1787,6,19.443
1787,7,21.092
1787,8,20.789
1787,9,-2.167
1787,10,7.802
1787,11,4.832
1787,12,-1.683
1788,1,-4.862
1788,2,-3.317
1788,3,2.314
1788,4,9.391
1788,5,14.692
1788,6,20.004
1788,7,23.586
1788,8,21.792
1788,9,-0.349
1788,10,12.894
1788,11,6.536
1788,12,-2.968
1789,1,-2.851
1789,2,-4.862
1789,3,2.003
1789,4,8.251
1789,5,13.721
1789,6,20.584
1789,7,23.356
1789,8,22.477
1789,9,-0.481
1789,10,7.884
1789,11,4.995
1789,12,0.424
1790,1,-1.175
1790,2,-1.595
1790,3,1.935
1790,4,6.979
1790,5,14.99
1790,6,21.148
1790,7,21.726
1790,8,22.087
1790,9,-0.315
1790,10,10.397
1790,11,3.819
1790,12,-4.839
1791,1,-2.908
1791,2,-4.232
1791,3,4.304
1791,4,9.482
1791,5,15.816
1791,6,20.21
1791,7,21.626
1791,8,21.446
1791,9,-1.474
1791,10,8.368
1791,11,3.742
1791,12,-1.477
1792,1,-7.111
1792,2,-2.88
1792,3,3.331
1792,4,8.685
1792,5,15.468
1792,6,19.039
1792,7,21.389
1792,8,19.875
1792,9,-2.378
1792,10,10.6
1792,11,4.004
1792,12,-2.939
1793,1,-2.328
1793,2,-1.524
1793,3,3.22
1793,4,9.645
1793,5,15.804
1793,6,20.634
1793,7,22.613
1793,8,21.763
1793,9,-0.362
1793,10,9.762
1793,11,3.749
1793,12,-1.971
1794,1,-2.648
1794,2,-2.871
1794,3,3.425
1794,4,9.443
1794,5,15.978
1794,6,19.185
1794,7,21.394
1794,8,21.4
1794,9,0.414
1794,10,9.005
1794,11,3.466
1794,12,2.211
1795,1,-3.588
1795,2,-2.574
1795,3,1.838
1795,4,8.527
1795,5,14.818
1795,6,19.644
1795,7,21.383
1795,8,20.855
1795,9,-0.692
1795,10,10.217
1795,11,3.23
1795,12,-0.699
1796,1,-2.646
1796,2,-2.977
1796,3,0.503
1796,4,9.552
1796,5,14.349
1796,6,20.021
1796,7,22.337
1796,8,21.411
1796,9,-0.911
1796,10,9.794
1796,11,3.125
1796,12,-4.54
1797,1,-4.89
1797,2,0.451
1797,3,2.155
1797,4,8.301
1797,5,13.598
1797,6,19.997
1797,7,23.272
1797,8,21.096
1797,9,-1.491
1797,10,8.674
1797,11,1.557
1797,12,-4.159
1798,1,-2.955
1798,2,-3.667
1798,3,2.73
1798,4,9.147
1798,5,16.626
1798,6,21.073
1798,7,22.59
1798,8,24.464
1798,9,0.093
1798,10,11.175
1798,11,2.048
1798,12,-4.384
1799,1,-3.225
1799,2,-3.793
1799,3,-0.33
1799,4,8.286
1799,5,14.396
1799,6,20.597
1799,7,22.982
1799,8,21.913
1799,9,-0.717
1799,10,9.933
1799,11,4.738
1799,12,-2.079
1800,1,-3.592
1800,2,-2.855
1800,3,1.467
1800,4,10.463
1800,5,14.637
1800,6,20.574
1800,7,23.297
1800,8,21.146
1800,9,-0.812
1800,10,10.432
1800,11,2.511
1800,12,0.078
1801,1,-3.215
1801,2,-2.012
1801,3,4.344
1801,4,8.004
1801,5,16.375
1801,6,19.781
1801,7,23.131
1801,8,20.889
1801,9,0.865
1801,10,10.731
1801,11,3.758
1801,12,-0.232
1802,1,0.829
1802,2,-2.353
1802,3,3.11
1802,4,9.1
1802,5,13.822
1802,6,20.703
1802,7,22.624
1802,8,22.267
1802,9,0.283
1802,10,12.339
1802,11,4.676
1802,12,-1.552
1803,1,-3.132
1803,2,-0.782
1803,3,2.475
1803,4,9.643
1803,5,13.293
1803,6,21.13
1803,7,23.738
1803,8,22.357
1803,9,-1.257
1803,10,11.426
1803,11,3.112
1803,12,1.272
1804,1,-4.88
1804,2,-2.323
1804,3,1.272
1804,4,8.326
1804,5,16.195
1804,6,20.617
1804,7,22.868
1804,8,22.234
1804,9,1.594
1804,10,10.246
1804,11,5.268
1804,12,-2.767
1805,1,-5.061
1805,2,-1.566
1805,3,4.454
1805,4,10.188
1805,5,15.468
1805,6,20.724
1805,7,23.392
1805,8,23.22
1805,9,1.35
1805,10,9.096
1805,11,3.732
1805,12,2.593
1806,1,-3.428
1806,2,-0.072
1806,3,0.005
1806,4,6.867
1806,5,15.713
1806,6,20.512
1806,7,21.596
1806,8,20.887
1806,9,0.134
1806,10,10.08
1806,11,4.124
1806,12,-1.455
1807,1,-5.026
1807,2,-3.05
1807,3,0.503
1807,4,7.81
1807,5,13.751
1807,6,19.12
1807,7,23.336
1807,8,21.898
1807,9,-1.206
1807,10,10.824
1807,11,2.923
1807,12,1.603
1808,1,-3.845
1808,2,-1.122
1808,3,3.143
1808,4,9.132
1808,5,13.839
1808,6,20.748
1808,7,22.654
1808,8,20.09
1808,9,-0.71
1808,10,9.566
1808,11,4.473
1808,12,-0.729
1809,1,-5.738
1809,2,-4.295
1809,3,1.153
1809,4,8.633
1809,5,14.791
1809,6,19.915
1809,7,20.329
1809,8,20.432
1809,9,-2.327
1809,10,13.446
1809,11,1.532
1809,12,0.939
1810,1,-3.7
1810,2,-0.534
1810,3,1.853
1810,4,9.89
1810,5,15.198
1810,6,20.526
1810,7,21.029
1810,8,20.704
1810,9,-0.606
1810,10,9.272
1810,11,2.863
1810,12,-1.886
1811,1,-3.491
1811,2,-3.458
1811,3,4.295
1811,4,7.987
1811,5,14.159
1811,6,20.248
1811,7,21.857
1811,8,20.537
1811,9,-0.734
1811,10,11.681
1811,11,4.148
1811,12,-1.706
1812,1,-5.771
1812,2,-3.806
1812,3,-0.852
1812,4,7.471
1812,5,11.781
1812,6,18.767
1812,7,20.84
1812,8,20.186
1812,9,-2.856
1812,10,9.503
1812,11,3.016
1812,12,-2.286
1813,1,-5.83
1813,2,-3.088
1813,3,-0.31
1813,4,8.785
1813,5,13.556
1813,6,19.967
1813,7,21.779
1813,8,21.923
1813,9,1.052
1813,10,9.392
1813,11,4.662
1813,12,-2.27
1814,1,-5.058
1814,2,-1.817
1814,3,0.674
1814,4,8.627
1814,5,15.391
1814,6,19.209
1814,7,20.313
1814,8,20.419
1814,9,-1.325
1814,10,8.789
1814,11,3.997
1814,12,-2.432
1815,1,-4.955
1815,2,-4.205
1815,3,2.185
1815,4,7.874
1815,5,12.425
1815,6,18.725
1815,7,22.936
1815,8,19.732
1815,9,-2.113
1815,10,8.581
1815,11,3.516
1815,12,-3.086
1816,1,-4.932
1816,2,-3.137
1816,3,0.116
1816,4,6.961
1816,5,12.914
1816,6,17.331
1816,7,19.334
1816,8,20.068
1816,9,-3.19
1816,10,9.364
1816,11,4.64
1816,12,-2.05
1817,1,-5.13
1817,2,-6.805
1817,3,0.4
1817,4,7.706
1817,5,13.027
1817,6,17.391
1817,7,20.354
1817,8,20.691
1817,9,-1.308
1817,10,7.657
1817,11,4.066
1817,12,-2.287
1818,1,-4.962
1818,2,-6.901
1818,3,1.561
1818,4,6.472
1818,5,13.597
1818,6,20.922
1818,7,22.436
1818,8,20.01
1818,9,-2.666
1818,10,8.938
1818,11,4.902
1818,12,-4.358
1819,1,-2.133
1819,2,-1.243
1819,3,-1.31
1819,4,7.289
1819,5,13.718
1819,6,20.124
1819,7,21.994
1819,8,21.087
1819,9,0.725
1819,10,9.099
1819,11,4.363
1819,12,-2.427
1820,1,-5.747
1820,2,-0.31
1820,3,1.612
1820,4,9.172
1820,5,13.935
1820,6,20.229
1820,7,23.847
1820,8,20.895
1820,9,-0.088
1820,10,8.61
1820,11,1.805
1820,12,-3.721
1821,1,-7.501
1821,2,-0.668
1821,3,0.641
1821,4,5.807
1821,5,14.341
1821,6,20.323
1821,7,20.274
1821,8,22.056
1821,9,-0.108
1821,10,9.326
1821,11,3.284
1821,12,-3.009
1822,1,-5.651
1822,2,-2.808
1822,3,4.125
1822,4,8.894
1822,5,16.257
1822,6,20.045
1822,7,23.048
1822,8,20.717
1822,9,0.801
1822,10,11
1822,11,5.805
1822,12,-1.712
1823,1,-2.729
1823,2,-5.593
1823,3,1.424
1823,4,9.297
1823,5,14.305
1823,6,19.51
1823,7,22.39
1823,8,21.087
1823,9,-2.158
1823,10,8.349
1823,11,0.993
1823,12,-0.797
1824,1,-0.858
1824,2,-2.224
1824,3,1.64
1824,4,8.638
1824,5,13.99
1824,6,18.956
1824,7,21.513
1824,8,19.554
1824,9,-1.417
1824,10,9.902
1824,11,3.332
1824,12,0.898
1825,1,-2.197
1825,2,-1.037
1825,3,4.918
1825,4,9.39
1825,5,15.135
1825,6,21.666
1825,7,24.576
1825,8,20.937
1825,9,-1.413
1825,10,11.081
1825,11,3.474
1825,12,-1.636
1826,1,-2.644
1826,2,-0.909
1826,3,2.559
1826,4,6.492
1826,5,18.514
1826,6,20.402
1826,7,22.019
1826,8,21.579
1826,9,0.158
1826,10,10.786
1826,11,3.951
1826,12,-1.423
1827,1,-6.077
1827,2,-1.082
1827,3,3.212
1827,4,10.398
1827,5,14.488
1827,6,19.153
1827,7,22.131
1827,8,20.617
1827,9,-0.895
1827,10,10.451
1827,11,1.766
1827,12,-0.609
1828,1,-0.315
1828,2,3.101
1828,3,4.236
1828,4,6.682
1828,5,15.455
1828,6,22.032
1828,7,21.876
1828,8,22.522
1828,9,-0.765
1828,10,9.308
1828,11,5.11
1828,12,1.622
1829,1,-3.848
1829,2,-6.041
1829,3,0.723
1829,4,9.064
1829,5,16.483
1829,6,20.133
1829,7,21.186
1829,8,21.474
1829,9,-3.03
1829,10,9.866
1829,11,3.675
1829,12,2.804
1830,1,-3.484
1830,2,-2.744
1830,3,3.577
1830,4,10.872
1830,5,14.869
1830,6,19.348
1830,7,23.642
1830,8,21.749
1830,9,-1.028
1830,10,11.285
1830,11,7.839
1830,12,0.328
1831,1,-5.731
1831,2,-4.767
1831,3,4.738
1831,4,9.4
1831,5,15.541
1831,6,21.765
1831,7,22.197
1831,8,21.932
1831,9,-0.698
1831,10,10.633
1831,11,3.576
1831,12,-7.384
1832,1,-3.465
1832,2,-2.131
1832,3,3.02
1832,4,7.499
1832,5,13.33
1832,6,18.978
1832,7,21.203
1832,8,20.796
1832,9,-1.486
1832,10,9.995
1832,11,4.685
1832,12,-0.258
1833,1,-0.84
1833,2,-2.744
1833,3,1.221
1833,4,10.386
1833,5,15.908
1833,6,17.506
1833,7,21.611
1833,8,19.515
1833,9,-1.467
1833,10,9.247
1833,11,2.833
1833,12,-0.918
1834,1,-4.558
1834,2,1.475
1834,3,3.307
1834,4,9.319
1834,5,14.131
1834,6,18.643
1834,7,23.326
1834,8,20.775
1834,9,-1.427
1834,10,8.428
1834,11,3.103
1834,12,-2.288
1835,1,-3.81
1835,2,-4.937
1835,3,1.079
1835,4,7.606
1835,5,14.537
1835,6,19.254
1835,7,21.758
1835,8,20.067
1835,9,-3.316
1835,10,11.718
1835,11,4.59
1835,12,-4.426
1836,1,-3.985
1836,2,-7.038
1836,3,-1
1836,4,7.091
1836,5,14.962
1836,6,17.856
1836,7,21.836
1836,8,18.567
1836,9,-1.438
1836,10,6.388
1836,11,2.044
1836,12,-2.691
1837,1,-6.13
1837,2,-2.884
1837,3,0.674
1837,4,6.823
1837,5,13.327
1837,6,18.45
1837,7,20.317
1837,8,19.473
1837,9,-2.578
1837,10,9.222
1837,11,4.322
1837,12,-1.152
1838,1,0.03
1838,2,-6.68
1838,3,3.005
1838,4,5.819
1838,5,12.951
1838,6,20.913
1838,7,23.811
1838,8,21.735
1838,9,-0.775
1838,10,8.554
1838,11,1.849
1838,12,-4.002
1839,1,-3.523
1839,2,-1.301
1839,3,2.71
1839,4,9.949
1839,5,14.723
1839,6,17.493
1839,7,21.913
1839,8,19.658
1839,9,-1.099
1839,10,11.094
1839,11,2.03
1839,12,-1.186
1840,1,-6.987
1840,2,0.658
1840,3,3.758
1840,4,10.104
1840,5,14.932
1840,6,19.101
1840,7,21.937
1840,8,21.611
1840,9,-2.269
1840,10,10.142
1840,11,3.862
1840,12,-3.145
1841,1,-2.384
1841,2,-3.845
1841,3,1.785
1841,4,6.663
1841,5,13.312
1841,6,20.96
1841,7,21.768
1841,8,21.321
1841,9,0.25
1841,10,7.678
1841,11,3.335
1841,12,-0.433
1842,1,-1.223
1842,2,1.045
1842,3,5.699
1842,4,9.697
1842,5,13.233
1842,6,18.047
1842,7,22.087
1842,8,20.521
1842,9,-1.734
1842,10,8.968
1842,11,1.564
1842,12,-2.579
1843,1,-0.299
1843,2,-6.132
1843,3,-3.095
1843,4,7.688
1843,5,13.886
1843,6,19.624
1843,7,21.662
1843,8,21.385
1843,9,0.232
1843,10,8.443
1843,11,1.92
1843,12,-1
1844,1,-6.528
1844,2,-2.802
1844,3,2.862
1844,4,11.526
1844,5,16.139
1844,6,19.193
1844,7,21.457
1844,8,20.441
1844,9,-1.146
1844,10,9.099
1844,11,3.221
1844,12,-1.657
1845,1,-1.403
1845,2,-2.004
1845,3,4.099
1845,4,8.913
1845,5,13.932
1845,6,19.628
1845,7,22.461
1845,8,22.139
1845,9,-1.496
1845,10,10.336
1845,11,4.926
1845,12,-5.252
1846,1,-2.664
1846,2,-4.496
1846,3,2.938
1846,4,9.825
1846,5,15.503
1846,6,18.63
1846,7,21.292
1846,8,21.46
1846,9,1.496
1846,10,9.424
1846,11,6.455
1846,12,-1.576
1847,1,-2.556
1847,2,-2.094
1847,3,0.625
1847,4,7.832
1847,5,14.436
1847,6,18.849
1847,7,22.476
1847,8,20.616
1847,9,-1.541
1847,10,8.59
1847,11,5.918
1847,12,0.922
1848,1,-0.789
1848,2,-2.153
1848,3,1.359
1848,4,8.944
1848,5,15.853
1848,6,19.965
1848,7,21.164
1848,8,21.087
1848,9,-2.486
1848,10,9.847
1848,11,2.083
1848,12,1.991
1849,1,-4.96
1849,2,-5.33
1849,3,2.794
1849,4,7.571
1849,5,12.707
1849,6,19.941
1849,7,21.545
1849,8,20.897
1849,9,-1.646
1849,10,9.337
1849,11,7.442
1849,12,-1.88
1850,1,-1.301
1850,2,-0.495
1850,3,1.548
1850,4,6.179
1850,5,11.761
1850,6,19.565
1850,7,22.421
1850,8,20.14
1850,9,-1.565
1850,10,9.806
1850,11,5.43
1850,12,-1.92
1851,1,-1.802
1851,2,0.292
1851,3,3.734
1851,4,8.265
1851,5,14.085
1851,6,18.464
1851,7,21.932
1851,8,20.069
1851,9,-0.565
1851,10,11.102
1851,11,2.595
1851,12,-4.589
1852,1,-5.921
1852,2,-1.806
1852,3,1.578
1852,4,5.627
1852,5,14.724
1852,6,19.336
1852,7,22.329
1852,8,19.844
1852,9,-1.811
1852,10,11.17
1852,11,3.147
1852,12,1.99
1853,1,-2.664
1853,2,-0.8
1853,3,3.308
1853,4,8.349
1853,5,14.851
1853,6,20.74
1853,7,21.35
1853,8,21.311
1853,9,-0.41
1853,10,8.88
1853,11,5.372
1853,12,-1.766
1854,1,-3.067
1854,2,-2.648
1854,3,2.399
1854,4,7.254
1854,5,15.649
1854,6,19.873
1854,7,23.623
1854,8,21.64
1854,9,0.125
1854,10,11.456
1854,11,4.633
1854,12,-3.781
1855,1,-1.747
1855,2,-5.512
1855,3,1.315
1855,4,8.022
1855,5,14.373
1855,6,18.627
1855,7,22.712
1855,8,20.022
1855,9,-0.458
1855,10,9.844
1855,11,5.211
1855,12,-0.636
1856,1,-7.622
1856,2,-5.897
1856,3,-1.925
1856,4,9.125
1856,5,13.322
1856,6,20.571
1856,7,23.301
1856,8,19.74
1856,9,-0.537
1856,10,9.693
1856,11,4.107
1856,12,-3.028
1857,1,-9.162
1857,2,0.861
1857,3,0.717
1857,4,5.189
1857,5,13.299
1857,6,18.173
1857,7,21.797
1857,8,20.498
1857,9,-1.224
1857,10,9.579
1857,11,3.837
1857,12,1.041
1858,1,0.336
1858,2,-5.011
1858,3,1.223
1858,4,8.166
1858,5,12.645
1858,6,21.027
1858,7,22.095
1858,8,20.228
1858,9,-1.277
1858,10,11.454
1858,11,2.194
1858,12,-1.068
1859,1,-2.83
1859,2,-0.707
1859,3,5.327
1859,4,7.401
1859,5,15.431
1859,6,18.037
1859,7,21.121
1859,8,20.396
1859,9,-2.182
1859,10,8.481
1859,11,5.322
1859,12,-3.338
1860,1,-2.43
1860,2,-2.914
1860,3,3.999
1860,4,7.568
1860,5,15.178
1860,6,19.09
1860,7,21.274
1860,8,20.992
1860,9,-2.185
1860,10,10.346
1860,11,5.02
1860,12,-3.303
1861,1,-4.296
1861,2,0.023
1861,3,2.059
1861,4,8.676
1861,5,12.61
1861,6,19.752
1861,7,21.603
1861,8,20.322
1861,9,-0.377
1861,10,12.23
1861,11,3.876
1861,12,-0.45
1862,1,-3.489
1862,2,-3.157
1862,3,1.08
1862,4,7.418
1862,5,14.567
1862,6,17.847
1862,7,21.078
1862,8,21.383
1862,9,-0.553
1862,10,11.344
1862,11,4.038
1862,12,-1.168
1863,1,-1.131
1863,2,-2.471
1863,3,-0.98
1863,4,7.637
1863,5,15.293
1863,6,17.979
1863,7,22.359
1863,8,22.709
1863,9,-2.729
1863,10,9.647
1863,11,5.277
1863,12,-2.112
1864,1,-3.107
1864,2,-1.321
1864,3,1.577
1864,4,7.024
1864,5,15.902
1864,6,19.319
1864,7,22.217
1864,8,22.297
1864,9,-2.294
1864,10,9.216
1864,11,4.361
1864,12,-1.299
1865,1,-6.48
1865,2,-3.153
1865,3,4.881
1865,4,9.6
1865,5,14.532
1865,6,21.632
1865,7,21.536
1865,8,20.448
1865,9,1.574
1865,10,9.368
1865,11,4.562
1865,12,-0.42
1866,1,-4.809
1866,2,-2.487
1866,3,0.77
1866,4,9.617
1866,5,12.982
1866,6,19.502
1866,7,23.508
1866,8,18.373
1866,9,-0.626
1866,10,10.609
1866,11,5.031
1866,12,-2.647
1867,1,-6.979
1867,2,0.556
1867,3,0.147
1867,4,8.4
1867,5,12.157
1867,6,19.543
1867,7,21.073
1867,8,20.925
1867,9,-1.128
1867,10,10.6
1867,11,4.535
1867,12,-4.386
1868,1,-5.616
1868,2,-7.239
1868,3,1.506
1868,4,5.77
1868,5,12.304
1868,6,18.83
1868,7,24.221
1868,8,21.58
1868,9,-1.348
1868,10,8.367
1868,11,3.62
1868,12,-4.188
1869,1,-1.385
1869,2,-0.867
1869,3,-0.267
1869,4,8.383
1869,5,13.209
1869,6,19.151
1869,7,21.261
1869,8,20.58
1869,9,-0.395
1869,10,7.813
1869,11,2.034
1869,12,-0.903
1870,1,0.685
1870,2,-2.639
1870,3,-0.29
1870,4,8.939
1870,5,14.852
1870,6,21.508
1870,7,23.282
1870,8,22.115
1870,9,-0.041
1870,10,11.363
1870,11,4.627
1870,12,-1.558
1871,1,-4.312
1871,2,-2.884
1871,3,5.127
1871,4,9.73
1871,5,14.717
1871,6,19.375
1871,7,20.934
1871,8,21.704
1871,9,-3.485
1871,10,11.145
1871,11,1.706
1871,12,-4.081
1872,1,-4.27
1872,2,-3.67
1872,3,-2.656
1872,4,8.34
1872,5,15.432
1872,6,20.337
1872,7,23.505
1872,8,22.549
1872,9,-0.381
1872,10,9.652
1872,11,2.492
1872,12,-5.648
1873,1,-5.29
1873,2,-4.057
1873,3,0.167
1873,4,6.877
1873,5,13.757
1873,6,19.933
1873,7,22.633
1873,8,20.525
1873,9,-1.15
1873,10,10.133
1873,11,0.328
1873,12,-0.159
1874,1,-0.9
1874,2,-2.634
1874,3,1.713
1874,4,3.95
1874,5,14.024
1874,6,20.39
1874,7,22
1874,8,19.79
1874,9,0.31
1874,10,10.28
1874,11,3.607
1874,12,-1.426
1875,1,-6.797
1875,2,-6.74
1875,3,-0.879
1875,4,5.228
1875,5,14.32
1875,6,19.525
1875,7,21.869
1875,8,20.948
1875,9,-1.851
1875,10,9.411
1875,11,1.599
1875,12,-1.345
1876,1,0.047
1876,2,-1.405
1876,3,0.812
1876,4,7.355
1876,5,14.39
1876,6,21.679
1876,7,24.349
1876,8,22.385
1876,9,-1.81
1876,10,8.055
1876,11,5.11
1876,12,-6.311
1877,1,-5.208
1877,2,0.249
1877,3,1.563
1877,4,8.44
1877,5,14.511
1877,6,20.431
1877,7,22.857
1877,8,22.604
1877,9,0.173
1877,10,11.652
1877,11,5.462
1877,12,1.528
1878,1,-2.657
1878,2,-0.903
1878,3,5.555
1878,4,11.43
1878,5,14.368
1878,6,18.366
1878,7,23.71
1878,8,21.614
1878,9,0.521
1878,10,12.183
1878,11,4.553
1878,12,-1.742
1879,1,-5.456
1879,2,-4.322
1879,3,2.122
1879,4,6.993
1879,5,15.736
1879,6,19.953
1879,7,22.548
1879,8,20.866
1879,9,-1.746
1879,10,13.725
1879,11,4
1879,12,0.467
1880,1,1.338
1880,2,0.159
1880,3,1.674
1880,4,8.866
1880,5,18.205
1880,6,21.172
1880,7,22.743
1880,8,20.989
1880,9,-0.092
1880,10,9.829
1880,11,2.082
1880,12,-4.687
1881,1,-6.525
1881,2,-3.655
1881,3,1.702
1881,4,6.747
1881,5,16.118
1881,6,17.559
1881,7,22.059
1881,8,21.738
1881,9,3.422
1881,10,12.7
1881,11,5.502
1881,12,2.3
1882,1,-3.54
1882,2,-0.345
1882,3,3.083
1882,4,7.009
1882,5,11.739
1882,6,19.691
1882,7,22.183
1882,8,20.892
1882,9,0.159
1882,10,12.381
1882,11,2.63
1882,12,-2.769
1883,1,-5.568
1883,2,-2.206
1883,3,-0.869
1883,4,7.159
1883,5,14.315
1883,6,20.842
1883,7,21.98
1883,8,19.576
1883,9,-2.309
1883,10,9.457
1883,11,4.865
1883,12,-1.758
1884,1,-5.763
1884,2,-0.214
1884,3,1.537
1884,4,7.579
1884,5,14.48
1884,6,19.986
1884,7,20.577
1884,8,20.962
1884,9,1.361
1884,10,11.268
1884,11,4.008
1884,12,-1.058
1885,1,-3.833
1885,2,-7.361
1885,3,-2.88
1885,4,7.87
1885,5,13.452
1885,6,19.317
1885,7,22.917
1885,8,20.314
1885,9,-1.634
1885,10,10.185
1885,11,4.981
1885,12,-0.458
1886,1,-5.007
1886,2,-3.688
1886,3,1.687
1886,4,9.828
1886,5,14.282
1886,6,18.231
1886,7,21.623
1886,8,20.253
1886,9,-0.022
1886,10,11.127
1886,11,4.79
1886,12,-3.898
1887,1,-4.568
1887,2,-1.554
1887,3,-0.628
1887,4,7.039
1887,5,16.948
1887,6,19.626
1887,7,24.494
1887,8,20.242
1887,9,-2.505
1887,10,9.801
1887,11,3.886
1887,12,-1.128
1888,1,-6.698
1888,2,-3.211
1888,3,-1.471
1888,4,7.219
1888,5,13.896
1888,6,20.496
1888,7,20.565
1888,8,21.049
1888,9,-1.873
1888,10,7.57
1888,11,5.329
1888,12,-0.774
1889,1,-0.106
1889,2,-4.769
1889,3,3.175
1889,4,9.16
1889,5,15.909
1889,6,19.831
1889,7,21.693
1889,8,20.049
1889,9,-0.804
1889,10,8.42
1889,11,5.576
1889,12,2.561
1890,1,1.69
1890,2,1.851
1890,3,0.729
1890,4,8.266
1890,5,14.642
1890,6,20.175
1890,7,21.094
1890,8,20.351
1890,9,-1.017
1890,10,9.83
1890,11,4.045
1890,12,-3.833
1891,1,-1.767
1891,2,0.369
1891,3,1.043
1891,4,9.531
1891,5,14.018
1891,6,19.833
1891,7,20.071
1891,8,21.252
1891,9,1.375
1891,10,9.917
1891,11,3.747
1891,12,2.999
1892,1,-3.632
1892,2,-1.189
1892,3,-0.319
1892,4,8.099
1892,5,14.234
1892,6,21.58
1892,7,22.373
1892,8,21.694
1892,9,-1.226
1892,10,10.015
1892,11,3.463
1892,12,-2.9
1893,1,-7.703
1893,2,-3.586
1893,3,0.6
1893,4,7.586
1893,5,14.262
1893,6,20.279
1893,7,21.89
1893,8,21.495
1893,9,-2.277
1893,10,11.351
1893,11,3.676
1893,12,-1.002
1894,1,-1.153
1894,2,-3.853
1894,3,4.85
1894,4,8.264
1894,5,15.23
1894,6,20.655
1894,7,23.328
1894,8,20.488
1894,9,1.104
1894,10,11.148
1894,11,2.494
1894,12,-0.707
1895,1,-4.477
1895,2,-6.385
1895,3,0.682
1895,4,8.174
1895,5,15.47
1895,6,21.468
1895,7,20.517
1895,8,21.864
1895,9,1.577
1895,10,7.881
1895,11,5.692
1895,12,0.591
1896,1,-4.416
1896,2,-2.15
1896,3,-0.922
1896,4,10.307
1896,5,17.45
1896,6,19.009
1896,7,22.74
1896,8,21.743
1896,9,-0.714
1896,10,9.082
1896,11,6.893
1896,12,-2.454
1897,1,-3.377
1897,2,-1.642
1897,3,2.897
1897,4,9.128
1897,5,14.885
1897,6,17.94
1897,7,22.668
1897,8,20.339
1897,9,-0.532
1897,10,11.418
1897,11,4.685
1897,12,-0.409
1898,1,-1.905
1898,2,-1.371
1898,3,6.085
1898,4,7.278
1898,5,14.055
1898,6,20.583
1898,7,23.2
1898,8,22.29
1898,9,1.243
1898,10,11.655
1898,11,3.948
1898,12,-1.789
1899,1,-3.674
1899,2,-4.893
1899,3,1.47
1899,4,8.718
1899,5,15.322
1899,6,21.169
1899,7,22.123
1899,8,21.242
1899,9,-1.232
1899,10,11.843
1899,11,4.52
1899,12,-0.109
1900,1,-2.214
1900,2,-2.477
1900,3,-0.07
1900,4,9.069
1900,5,14.919
1900,6,20.527
1900,7,23.409
1900,8,23.384
1900,9,1.976
1900,10,13.779
1900,11,6.318
1900,12,-1.424
1901,1,-2.607
1901,2,-5.641
1901,3,2.071
1901,4,8.276
1901,5,14.068
1901,6,20.635
1901,7,24.42
1901,8,22.001
1901,9,0.26
1901,10,10.636
1901,11,1.67
1901,12,-1.901
1902,1,-4.177
1902,2,-3.993
1902,3,5.239
1902,4,8.938
1902,5,14.591
1902,6,18.569
1902,7,21.605
1902,8,19.98
1902,9,-0.929
1902,10,11.261
1902,11,7.567
1902,12,-3.074
1903,1,-3.261
1903,2,-1.226
1903,3,7.505
1903,4,9.015
1903,5,16.141
1903,6,16.728
1903,7,21.719
1903,8,18.566
1903,9,-0.628
1903,10,11.368
1903,11,2.624
1903,12,-4.275
1904,1,-7.506
1904,2,-6.122
1904,3,0.997
1904,4,6.769
1904,5,16.42
1904,6,19.499
1904,7,21.38
1904,8,20.113
1904,9,-0.995
1904,10,9.015
1904,11,2.491
1904,12,-5.215
1905,1,-5.011
1905,2,-6.806
1905,3,2.427
1905,4,8.683
1905,5,15.311
1905,6,19.343
1905,7,22.877
1905,8,20.336
1905,9,-0.462
1905,10,11.041
1905,11,3.604
1905,12,0.282
1906,1,0.381
1906,2,-2.873
1906,3,-0.713
1906,4,9.197
1906,5,15.203
1906,6,20.498
1906,7,22.101
1906,8,22.594
1906,9,1.413
1906,10,10.941
1906,11,4.493
1906,12,-2.053
1907,1,-2.736
1907,2,-7.054
1907,3,3.359
1907,4,5.912
1907,5,11.828
1907,6,17.479
1907,7,22.126
1907,8,20.225
1907,9,0.361
1907,10,8.366
1907,11,4.289
1907,12,0.162
1908,1,-2.37
1908,2,-4.464
1908,3,3.384
1908,4,8.894
1908,5,15.525
1908,6,20.235
1908,7,23.476
1908,8,20.499
1908,9,0.289
1908,10,12.114
1908,11,4.333
1908,12,-1.087
1909,1,-1.883
1909,2,1.023
1909,3,1.791
1909,4,8.427
1909,5,14.515
1909,6,20.131
1909,7,21.007
1909,8,20.072
1909,9,-0.941
1909,10,9.011
1909,11,6.416
1909,12,-3.029
1910,1,-3.25
1910,2,-3.132
1910,3,5.609
1910,4,10.898
1910,5,14.538
1910,6,18.466
1910,7,23.063
1910,8,20.184
1910,9,0.504
1910,10,12.27
1910,11,2.935
1910,12,-5.034
1911,1,-1.34
1911,2,-2.718
1911,3,1.356
1911,4,7.295
1911,5,17.598
1911,6,19.391
1911,7,23.482
1911,8,21.303
1911,9,-0.059
1911,10,10.339
1911,11,3.201
1911,12,1.49
1912,1,-7.67
1912,2,-4.206
1912,3,1.006
1912,4,8.803
1912,5,15.826
1912,6,18.857
1912,7,22.483
1912,8,19.769
1912,9,-0.292
1912,10,12.184
1912,11,5.777
1912,12,0.758
1913,1,2.011
1913,2,-3.157
1913,3,5.607
1913,4,9.991
1913,5,14.471
1913,6,19.85
1913,7,22.471
1913,8,21.185
1913,9,-1.073
1913,10,12.961
1913,11,6.175
1913,12,1.1
1914,1,-2.846
1914,2,-6.206
1914,3,0.564
1914,4,7.525
1914,5,16.211
1914,6,19.075
1914,7,21.145
1914,8,21.668
1914,9,-0.939
1914,10,12.847
1914,11,4.256
1914,12,-2.603
1915,1,-1.372
1915,2,0.235
1915,3,0.885
1915,4,11.45
1915,5,13.124
1915,6,18.682
1915,7,21.609
1915,8,20.103
1915,9,1.501
1915,10,11.619
1915,11,4.991
1915,12,-2.156
1916,1,-0.43
1916,2,-4.44
1916,3,-1.91
1916,4,7.86
1916,5,15.089
1916,6,17.155
1916,7,22.861
1916,8,21.945
1916,9,-0.346
1916,10,11.133
1916,11,4.38
1916,12,-1.7
1917,1,-2.554
1917,2,-4.173
1917,3,1.98
1917,4,8.044
1917,5,10.848
1917,6,19.536
1917,7,22.505
1917,8,22.38
1917,9,-2.355
1917,10,8.875
1917,11,2.844
1917,12,-6.579
1918,1,-8.596
1918,2,-3.822
1918,3,4.086
1918,4,8.775
1918,5,17.544
1918,6,18.173
1918,7,21.589
1918,8,22.602
1918,9,-2.305
1918,10,12.262
1918,11,5.247
1918,12,0.958
1919,1,-0.755
1919,2,-0.556
1919,3,4.797
1919,4,8.327
1919,5,15.071
1919,6,20.588
1919,7,22.202
1919,8,19.674
1919,9,-0.157
1919,10,13.03
1919,11,4.666
1919,12,-3.902
1920,1,-7.051
1920,2,-4.079
1920,3,2.495
1920,4,7.336
1920,5,13.47
1920,6,19.026
1920,7,20.997
1920,8,21.548
1920,9,0.559
1920,10,13.742
1920,11,4.247
1920,12,0.452
1921,1,-1.422
1921,2,-0.936
1921,3,7.751
1921,4,12.415
1921,5,15.046
1921,6,20.407
1921,7,23.957
1921,8,19.764
1921,9,2.234
1921,10,10.807
1921,11,4.991
1921,12,-1.633
1922,1,-4.633
1922,2,-0.861
1922,3,3.739
1922,4,9.192
1922,5,16.266
1922,6,20.671
1922,7,21.88
1922,8,20.634
1922,9,0.523
1922,10,12.073
1922,11,5.213
1922,12,-1.837
1923,1,-3.729
1923,2,-5.401
1923,3,1.233
1923,4,8.841
1923,5,14.028
1923,6,21.221
1923,7,21.243
1923,8,20.306
1923,9,0.635
1923,10,10.572
1923,11,4.626
1923,12,3.002
1924,1,-1.887
1924,2,-3.935
1924,3,2.208
1924,4,7.552
1924,5,12.432
1924,6,18.298
1924,7,21.399
1924,8,21.107
1924,9,-2.219
1924,10,10.956
1924,11,4.422
1924,12,-1.682
1925,1,-5.131
1925,2,0.903
1925,3,4.811
1925,4,9.563
1925,5,13.236
1925,6,22.045
1925,7,21.223
1925,8,20.746
1925,9,0.679
1925,10,7.647
1925,11,4.031
1925,12,-0.668
1926,1,-2.63
1926,2,-3.409
1926,3,0.106
1926,4,6.487
1926,5,14.104
1926,6,17.142
1926,7,22.073
1926,8,21.52
1926,9,-0.894
1926,10,9.896
1926,11,4.548
1926,12,-4.021
1927,1,-3.511
1927,2,0.349
1927,3,4.318
1927,4,7.467
1927,5,13.348
1927,6,17.581
1927,7,21.659
1927,8,18.509
1927,9,-0.195
1927,10,12.409
1927,11,7.007
1927,12,-0.18
1928,1,-1.456
1928,2,-1.839
1928,3,1.995
1928,4,7.317
1928,5,13.698
1928,6,18.203
1928,7,22.829
1928,8,22.596
1928,9,-1.741
1928,10,11.899
1928,11,5.788
1928,12,1.015
1929,1,-2.641
1929,2,-2.111
1929,3,5.597
1929,4,9.32
1929,5,14.667
1929,6,20.106
1929,7,22.1
1929,8,20.149
1929,9,0.918
1929,10,9.812
1929,11,5.228
1929,12,-1.139
1930,1,-2.358
1930,2,0.108
1930,3,3.001
1930,4,7.602
1930,5,15.909
1930,6,21.094
1930,7,22.524
1930,8,20.966
1930,9,1.802
1930,10,10.174
1930,11,5.322
1930,12,-1.058
1931,1,-2.447
1931,2,-1.191
1931,3,2.893
1931,4,8.907
1931,5,15.101
1931,6,19.984
1931,7,23.715
1931,8,21.866
1931,9,2.355
1931,10,12.931
1931,11,8.555
1931,12,2.06
1932,1,3.61
1932,2,0.162
1932,3,1.132
1932,4,7.66
1932,5,15.261
1932,6,19.545
1932,7,22.038
1932,8,22.045
1932,9,0.322
1932,10,11.908
1932,11,3.701
1932,12,0.273
1933,1,1.709
1933,2,-1.027
1933,3,1.909
1933,4,9.094
1933,5,16.318
1933,6,20.86
1933,7,22.375
1933,8,21.433
1933,9,0.884
1933,10,10.392
1933,11,2.799
1933,12,-2.217
1934,1,-1.209
1934,2,-9.147
1934,3,1.188
1934,4,8.571
1934,5,16.103
1934,6,21.473
1934,7,23.387
1934,8,19.797
1934,9,0.892
1934,10,9.84
1934,11,6.798
1934,12,-1.486
1935,1,-4.282
1935,2,-2.784
1935,3,4.351
1935,4,8.047
1935,5,13.224
1935,6,19.518
1935,7,23.554
1935,8,21.463
1935,9,-1.63
1935,10,11.223
1935,11,7.038
1935,12,-3.546
1936,1,-4.673
1936,2,-6.154
1936,3,5.867
1936,4,7.519
1936,5,16.342
1936,6,19.556
1936,7,22.751
1936,8,22.333
1936,9,0.455
1936,10,11.195
1936,11,3.101
1936,12,0.941
1937,1,1.742
1937,2,-0.491
1937,3,0.417
1937,4,8.092
1937,5,16.047
1937,6,20.395
1937,7,22.587
1937,8,23.012
1937,9,-1.33
1937,10,10.206
1937,11,4.996
1937,12,-1.291
1938,1,-2.99
1938,2,-0.131
1938,3,4.713
1938,4,10.313
1938,5,14.144
1938,6,19.542
1938,7,22.764
1938,8,23.078
1938,9,-1.642
1938,10,12.131
1938,11,5.927
1938,12,-0.366
1939,1,-2.719
1939,2,0.104
1939,3,2.047
1939,4,7.339
1939,5,16.491
1939,6,20.472
1939,7,22.234
1939,8,23.003
1939,9,0.11
1939,10,10.915
1939,11,3.55
1939,12,-0.311
1940,1,-6.903
1940,2,-1.946
1940,3,-0.498
1940,4,6.28
1940,5,14.466
1940,6,19.072
1940,7,22.261
1940,8,19.603
1940,9,-1.483
1940,10,8.802
1940,11,4.651
1940,12,0.424
1941,1,-3.776
1941,2,-2.983
1941,3,-0.332
1941,4,12.038
1941,5,15.775
1941,6,19.922
1941,7,22.474
1941,8,20.445
1941,9,0.695
1941,10,13.012
1941,11,6.636
1941,12,0.808
1942,1,-3.786
1942,2,-3.163
1942,3,4.34
1942,4,10.662
1942,5,16.819
1942,6,20.038
1942,7,22.527
1942,8,20.779
1942,9,-0.048
1942,10,11.68
1942,11,5.293
1942,12,-3.206
1943,1,-3.271
1943,2,-1.724
1943,3,2.269
1943,4,5.956
1943,5,15.553
1943,6,22.585
1943,7,22.792
1943,8,21.871
1943,9,-0.541
1943,10,10.536
1943,11,4.04
1943,12,-2.711
1944,1,-1.657
1944,2,-1.831
1944,3,1.033
1944,4,7.291
1944,5,17.839
1944,6,20.495
1944,7,23.417
1944,8,22.762
1944,9,0.575
1944,10,10.436
1944,11,4.972
1944,12,-2.759
1945,1,-6.623
1945,2,-1.781
1945,3,8.37
1945,4,11.401
1945,5,13.509
1945,6,19.64
1945,7,22.027
1945,8,20.927
1945,9,1.58
1945,10,10.521
1945,11,5.846
1945,12,-3.683
1946,1,-1.855
1946,2,-2.199
1946,3,7.657
1946,4,8.626
1946,5,14.73
1946,6,19.16
1946,7,22.165
1946,8,19.537
1946,9,0.946
1946,10,13.431
1946,11,7.438
1946,12,0.357
1947,1,0.129
1947,2,-3.623
1947,3,1.162
1947,4,8.678
1947,5,14.524
1947,6,18.729
1947,7,22.192
1947,8,22.825
1947,9,0.555
1947,10,14.251
1947,11,3.787
1947,12,-1.905
1948,1,-6.651
1948,2,-3.785
1948,3,3.604
1948,4,9.259
1948,5,14.452
1948,6,19.39
1948,7,22.817
1948,8,21.933
1948,9,0.555
1948,10,10.575
1948,11,8.337
1948,12,-0.154
1949,1,1.073
1949,2,1.358
1949,3,4.23
1949,4,9.836
1949,5,15.45
1949,6,21.669
1949,7,24.623
1949,8,22.649
1949,9,-1.216
1949,10,13.978
1949,11,4.798
1949,12,0.606
1950,1,2.32
1950,2,-2.454
1950,3,0.54
1950,4,7.336
1950,5,14.135
1950,6,19.352
1950,7,21.613
1950,8,20.901
1950,9,-1.735
1950,10,12.633
1950,11,6.328
1950,12,-1.858
1951,1,-0.723
1951,2,-0.236
1951,3,3.598
1951,4,9.576
1951,5,15.633
1951,6,19.401
1951,7,22.364
1951,8,21.089
1951,9,-0.429
1951,10,12.237
1951,11,3.162
1951,12,0.04
1952,1,-0.566
1952,2,-0.202
1952,3,2.515
1952,4,10.661
1952,5,13.856
1952,6,21.046
1952,7,23.964
1952,8,21.335
1952,9,0.17
1952,10,9.439
1952,11,5.883
1952,12,0.59
1953,1,0.114
1953,2,1.197
1953,3,4.342
1953,4,9.141
1953,5,16.187
1953,6,20.587
1953,7,22.746
1953,8,21.301
1953,9,0.593
1953,10,12.341
1953,11,6.066
1953,12,1.899
1954,1,-3.727
1954,2,1.962
1954,3,3.586
1954,4,10.454
1954,5,13.661
1954,6,20.293
1954,7,22.163
1954,8,20.637
1954,9,-0.427
1954,10,13.401
1954,11,4.743
1954,12,-0.622
1955,1,-3.442
1955,2,-1.358
1955,3,3.39
1955,4,10.826
1955,5,16.732
1955,6,18.934
1955,7,25.313
1955,8,23.8
1955,9,-0.36
1955,10,12.69
1955,11,4.407
1955,12,-3.83
1956,1,-2.203
1956,2,-0.047
1956,3,0.834
1956,4,7.219
1956,5,13.485
1956,6,20.404
1956,7,20.977
1956,8,21.111
1956,9,-1.615
1956,10,11.647
1956,11,5.683
1956,12,1.959
1957,1,-4.863
1957,2,0.409
1957,3,3.435
1957,4,10.322
1957,5,15.351
1957,6,21.802
1957,7,22.495
1957,8,20.303
1957,9,0.589
1957,10,10.342
1957,11,6.624
1957,12,1.648
1958,1,-2.858
1958,2,-4.739
1958,3,2.764
1958,4,9.897
1958,5,13.515
1958,6,17.627
1958,7,22.996
1958,8,21.583
1958,9,-0.325
1958,10,10.384
1958,11,6.087
1958,12,-4.569
1959,1,-3.023
1959,2,-2.473
1959,3,2.664
1959,4,10.352
1959,5,17.065
1959,6,20.407
1959,7,23.066
1959,8,23.03
1959,9,1.981
1959,10,12.914
1959,11,5.212
1959,12,0.512
1960,1,-1.593
1960,2,0.182
1960,3,-1.573
1960,4,11.24
1960,5,15.086
1960,6,19.986
1960,7,21.431
1960,8,21.813
1960,9,0.111
1960,10,10.973
1960,11,6.39
1960,12,-4.477
1961,1,-6.479
1961,2,-1.036
1961,3,3.182
1961,4,7.254
1961,5,13.798
1961,6,20.209
1961,7,22.715
1961,8,21.905
1961,9,3.462
1961,10,12.697
1961,11,6.292
1961,12,-1.263
1962,1,-3.125
1962,2,-3.322
1962,3,2.965
1962,4,9.411
1962,5,16.113
1962,6,20.593
1962,7,21.095
1962,8,20.701
1962,9,-2
1962,10,11.388
1962,11,3.575
1962,12,-3.176
1963,1,-4.544
1963,2,-5.69
1963,3,3.41
1963,4,9.27
1963,5,14.182
1963,6,19.857
1963,7,22.529
1963,8,20.257
1963,9,-2.274
1963,10,13.455
1963,11,7.778
1963,12,-4.017
1964,1,-1.993
1964,2,-2.876
1964,3,3.728
1964,4,7.99
1964,5,16.402
1964,6,19.283
1964,7,22.791
1964,8,20.15
1964,9,0.337
1964,10,9.976
1964,11,6.768
1964,12,-0.6
1965,1,-4.65
1965,2,-2.197
1965,3,1.853
1965,4,7.547
1965,5,17.338
1965,6,19.343
1965,7,21.523
1965,8,21.224
1965,9,0.52
1965,10,9.998
1965,11,4.843
1965,12,0.619
1966,1,-3.432
1966,2,-1.971
1966,3,3.565
1966,4,7.099
1966,5,13.112
1966,6,20.597
1966,7,23.615
1966,8,22.154
1966,9,-1.299
1966,10,10.211
1966,11,6.488
1966,12,-0.725
1967,1,-0.312
1967,2,-4.019
1967,3,0.98
1967,4,8.633
1967,5,11.243
1967,6,20.993
1967,7,22.208
1967,8,21.004
1967,9,-0.959
1967,10,10.885
1967,11,3.146
1967,12,0.276
1968,1,-5.834
1968,2,-3.865
1968,3,4.303
1968,4,10.699
1968,5,13.425
1968,6,19.193
1968,7,23.149
1968,8,21.95
1968,9,0.879
1968,10,12.466
1968,11,5.258
1968,12,-2.253
1969,1,-3.38
1969,2,-2.126
1969,3,1.683
1969,4,10.336
1969,5,15.384
1969,6,20.334
1969,7,21.624
1969,8,22.237
1969,9,0.137
1969,10,10.79
1969,11,4.983
1969,12,-2.445
1970,1,-7.058
1970,2,-2.163
1970,3,1.237
1970,4,8.67
1970,5,15.856
1970,6,19.351
1970,7,22.783
1970,8,22.381
1970,9,1.084
1970,10,12.277
1970,11,6.502
1970,12,-1.297
1971,1,-5.494
1971,2,-1.633
1971,3,2.072
1971,4,7.83
1971,5,13.54
1971,6,20.662
1971,7,22.019
1971,8,21.194
1971,9,1.648
1971,10,14.26
1971,11,4.702
1971,12,1.794
1972,1,-1.365
1972,2,-3.369
1972,3,1.878
1972,4,7.159
1972,5,15.495
1972,6,18.195
1972,7,22.986
1972,8,21.245
1972,9,0.598
1972,10,8.725
1972,11,3.863
1972,12,0.887
1973,1,-0.814
1973,2,-2.392
1973,3,6.242
1973,4,9.853
1973,5,13.349
1973,6,21.462
1973,7,22.991
1973,8,23.001
1973,9,0.421
1973,10,12.403
1973,11,6.446
1973,12,0.977
1974,1,-1.332
1974,2,-2.545
1974,3,3.426
1974,4,10.602
1974,5,14.467
1974,6,18.91
1974,7,22.439
1974,8,21.826
1974,9,-0.707
1974,10,9.095
1974,11,6.159
1974,12,1.026
1975,1,-0.3
1975,2,-0.46
1975,3,2.259
1975,4,6.582
1975,5,17.211
1975,6,20.172
1975,7,22.781
1975,8,21.763
1975,9,-1.935
1975,10,12.991
1975,11,8.525
1975,12,-0.454
1976,1,-5.342
1976,2,1.395
1976,3,4.859
1976,4,10.814
1976,5,14.376
1976,6,21.404
1976,7,21.363
1976,8,21.179
1976,9,-0.981
1976,10,9.067
1976,11,2.623
1976,12,-3.933
1977,1,-8.046
1977,2,-1.756
1977,3,5.867
1977,4,10.156
1977,5,16.549
1977,6,18.995
1977,7,22.967
1977,8,21.687
1977,9,0.407
1977,10,10.313
1977,11,6.574
1977,12,-1.792
1978,1,-4.666
1978,2,-6.216
1978,3,1.27
1978,4,8.471
1978,5,14.316
1978,6,19.653
1978,7,21.578
1978,8,22.579
1978,9,-1.093
1978,10,10.517
1978,11,5.981
1978,12,0.085
1979,1,-2.603
1979,2,-7.141
1979,3,5.233
1979,4,8.913
1979,5,15.909
1979,6,18.832
1979,7,22.35
1979,8,21.741
1979,9,-0.087
1979,10,10.71
1979,11,7.792
1979,12,1.065
1980,1,-2.047
1980,2,-3.713
1980,3,2.034
1980,4,9.922
1980,5,16.464
1980,6,18.772
1980,7,23.48
1980,8,23.62
1980,9,1.553
1980,10,10.107
1980,11,3.647
1980,12,-3.12
1981,1,-6.772
1981,2,1.383
1981,3,2.667
1981,4,10.675
1981,5,15.632
1981,6,20.457
1981,7,23.299
1981,8,21.44
1981,9,-0.413
1981,10,9.195
1981,11,5.64
1981,12,-1.395
1982,1,-7.286
1982,2,-1.307
1982,3,2.357
1982,4,7.846
1982,5,16.135
1982,6,18.228
1982,7,22.631
1982,8,20.074
1982,9,-0.169
1982,10,11.281
1982,11,7.141
1982,12,2.789
1983,1,-1.938
1983,2,-0.692
1983,3,4.618
1983,4,8.607
1983,5,14.076
1983,6,20.508
1983,7,23.597
1983,8,23.025
1983,9,1.13
1983,10,11.333
1983,11,6.084
1983,12,-1.818
1984,1,-4.966
1984,2,1.834
1984,3,0.085
1984,4,8.717
1984,5,14.281
1984,6,21.055
1984,7,21.865
1984,8,22.575
1984,9,-1.43
1984,10,13.492
1984,11,5.325
1984,12,2.675
1985,1,-5.061
1985,2,-1.076
1985,3,4.668
1985,4,10.594
1985,5,16.56
1985,6,18.286
1985,7,22.275
1985,8,21.541
1985,9,1.019
1985,10,11.882
1985,11,7.066
1985,12,-2.196
1986,1,-2.227
1986,2,-2.884
1986,3,4.186
1986,4,9.854
1986,5,16.937
1986,6,19.603
1986,7,22.469
1986,8,20.614
1986,9,-0.551
1986,10,11.512
1986,11,4.143
1986,12,0.599
1987,1,-3.116
1987,2,-2.441
1987,3,4.758
1987,4,10.15
1987,5,15.593
1987,6,21.029
1987,7,23.603
1987,8,20.873
1987,9,-0.166
1987,10,8.965
1987,11,5.917
1987,12,1.093
1988,1,-5.329
1988,2,-1.72
1988,3,3.873
1988,4,8.562
1988,5,15.406
1988,6,19.94
1988,7,24.287
1988,8,23.505
1988,9,-0.829
1988,10,8.606
1988,11,6.35
1988,12,-1.032
1989,1,-0.429
1989,2,-1.547
1989,3,3.162
1989,4,8.201
1989,5,15.034
1989,6,20.717
1989,7,22.201
1989,8,21.305
1989,9,0.263
1989,10,11.708
1989,11,4.905
1989,12,-7.164
1990,1,1.536
1990,2,1.236
1990,3,4.973
1990,4,9.563
1990,5,13.983
1990,6,20.084
1990,7,22.712
1990,8,21.874
1990,9,-0.495
1990,10,13.576
1990,11,6.84
1990,12,2.408
1991,1,-2.313
1991,2,1.167
1991,3,4.985
1991,4,10.879
1991,5,18.439
1991,6,21.254
1991,7,23.118
1991,8,22.769
1991,9,-0.369
1991,10,11.691
1991,11,5.893
1991,12,1.194
1992,1,-1.217
1992,2,-0.197
1992,3,1.91
1992,4,8.044
1992,5,14.426
1992,6,18.976
1992,7,21.506
1992,8,20.162
1992,9,-0.296
1992,10,9.204
1992,11,4.965
1992,12,-0.191
1993,1,-0.403
1993,2,-4.198
1993,3,1.14
1993,4,9.457
1993,5,16.266
1993,6,20.203
1993,7,23.93
1993,8,22.511
1993,9,-0.359
1993,10,9.944
1993,11,5.169
1993,12,-0.749
1994,1,-7.184
1994,2,-4.287
1994,3,2.148
1994,4,10.698
1994,5,14.451
1994,6,21.641
1994,7,24.182
1994,8,20.735
1994,9,-0.501
1994,10,10.669
1994,11,7.813
1994,12,1.999
1995,1,0.214
1995,2,-3.47
1995,3,5.229
1995,4,8.455
1995,5,14.357
1995,6,20.644
1995,7,23.823
1995,8,22.905
1995,9,-0.438
1995,10,13.247
1995,11,3.326
1995,12,-3.035
1996,1,-3.877
1996,2,-1.794
1996,3,1.387
1996,4,9.26
1996,5,14.233
1996,6,20.603
1996,7,21.471
1996,8,21.859
1996,9,0.414
1996,10,11.114
1996,11,3.399
1996,12,2.036
1997,1,-3.037
1997,2,1.681
1997,3,3.414
1997,4,8.371
1997,5,13.381
1997,6,19.944
1997,7,22.547
1997,8,21.017
1997,9,-0.523
1997,10,10.994
1997,11,4.103
1997,12,0.573
1998,1,1.711
1998,2,2.483
1998,3,5.169
1998,4,10.401
1998,5,17.256
1998,6,19.49
1998,7,22.706
1998,8,22.85
1998,9,1.367
1998,10,11.855
1998,11,5.983
1998,12,3.036
1999,1,-1.952
1999,2,0.429
1999,3,3.306
1999,4,9.661
1999,5,15.611
1999,6,21.254
1999,7,25.065
1999,8,22.206
1999,9,1.238
1999,10,10.438
1999,11,7.818
1999,12,1.297
2000,1,-3.168
2000,2,-0.162
2000,3,6.391
2000,4,8.897
2000,5,15.944
2000,6,20.234
2000,7,20.727
2000,8,20.791
2000,9,-0.485
2000,10,11.323
2000,11,4.913
2000,12,-3.356
2001,1,-2.814
2001,2,-0.442
2001,3,1.884
2001,4,9.92
2001,5,16.014
2001,6,20.907
2001,7,21.045
2001,8,23.507
2001,9,-0.106
2001,10,11.99
2001,11,8.212
2001,12,3.475
2002,1,1.252
2002,2,2.126
2002,3,4.677
2002,4,11.125
2002,5,14.171
2002,6,20.623
2002,7,23.931
2002,8,23.558
2002,9,1.545
2002,10,10.446
2002,11,4.945
2002,12,-0.953
2003,1,-5.223
2003,2,-3.786
2003,3,3.526
2003,4,8.185
2003,5,13.817
2003,6,18.96
2003,7,22.864
2003,8,23.243
2003,9,0.682
2003,10,10.202
2003,11,7.603
2003,12,0.379
2004,1,-6.325
2004,2,-1.332
2004,3,4.525
2004,4,10.057
2004,5,17.8
2004,6,19.761
2004,7,21.946
2004,8,21.771
2004,9,1.263
2004,10,10.96
2004,11,6.682
2004,12,-0.014
2005,1,-3.611
2005,2,-0.609
2005,3,1.125
2005,4,10.633
2005,5,13.267
2005,6,22.169
2005,7,23.704
2005,8,23.941
2005,9,2.658
2005,10,12.058
2005,11,7.019
2005,12,-1.757
2006,1,1.608
2006,2,-0.565
2006,3,3.776
2006,4,10.709
2006,5,15.637
2006,6,20.445
2006,7,24.165
2006,8,22.42
2006,9,-0.634
2006,10,10.811
2006,11,8.418
2006,12,3.861
2007,1,0.412
2007,2,-4.713
2007,3,2.947
2007,4,8.02
2007,5,16.677
2007,6,20.868
2007,7,22.295
2007,8,22.063
2007,9,1.42
2007,10,15.222
2007,11,4.831
2007,12,-0.094
2008,1,-0.573
2008,2,-0.675
2008,3,3.47
2008,4,10.943
2008,5,13.64
2008,6,21.831
2008,7,23.693
2008,8,20.887
2008,9,1.096
2008,10,10.348
2008,11,5.133
2008,12,0.327
2009,1,-5.36
2009,2,-0.372
2009,3,3.579
2009,4,10.478
2009,5,15.447
2009,6,19.058
2009,7,21.103
2009,8,22.769
2009,9,-0.537
2009,10,10.364
2009,11,8.217
2009,12,-0.624
2010,1,-2.359
2010,2,-1.456
2010,3,6.715
2010,4,12.076
2010,5,17.119
2010,6,21.943
2010,7,24.789
2010,8,22.67
2010,9,1.592
2010,10,11.911
2010,11,5.876
2010,12,-2.165
2011,1,-4.463
2011,2,-1.244
2011,3,3.474
2011,4,10.555
2011,5,16.917
2011,6,21.032
2011,7,24.564
2011,8,22.13
2011,9,1.721
2011,10,12.001
2011,11,8.013
2011,12,2.987
2012,1,-0.041
2012,2,2.185
2012,3,8.734
2012,4,10.324
2012,5,17.779
2012,6,20.165
2012,7,24.479
2012,8,22.731
2012,9,0.597
2012,10,12.436
2012,11,4.103
2012,12,2.586
