Year,Month,Temp,Uncertainty
1841,1,1.809,6.123
1841,2,3.366,6.737
1841,3,7.122,11.016
1841,4,13.306,16.924
1841,5,19.007,21.329
1841,6,22.943,27.706
1841,7,27.783,30.86
1841,8,27.092,30.468
1841,9,22.326,25.397
1841,10,16.971,19.786
1841,11,11.281,14.447
1841,12,5.429,8.053
1842,1,3.028,5.452
1842,2,4.396,6.599
1842,3,9.67,11.258
1842,4,14.659,16.743
1842,5,18.873,21.375
1842,6,23.73,25.891
1842,7,26.674,30.309
1842,8,27.013,30.052
1842,9,22.71,25.291
1842,10,16.388,20.242
1842,11,10.988,14.274
1842,12,7.003,8.136
1843,1,3.824,5.209
1843,2,5.798,6.739
1843,3,8.402,11.277
1843,4,14.369,16.388
1843,5,18.206,21.384
1843,6,23.542,25.943
1843,7,27.272,30.774
1843,8,27.372,29.981
1843,9,22.907,25.139
1843,10,16.43,20.697
1843,11,11.285,14.079
1843,12,6.939,8.764
1844,1,2.947,5.555
1844,2,4.643,7.864
1844,3,9.385,10.695
1844,4,13.767,16.435
1844,5,18.404,21.451
1844,6,23.572,26.044
1844,7,27.127,30.709
1844,8,27.434,29.92
1844,9,22.523,25.206
1844,10,17.642,19.455
1844,11,11.652,14.648
1844,12,4.883,8.036
1845,1,4.007,5.306
1845,2,4.631,8.21
1845,3,9.182,10.398
1845,4,14.101,16.275
1845,5,19.785,21.094
1845,6,25.068,25.921
1845,7,28.089,30.237
1845,8,27.013,29.55
1845,9,22.493,25.173
1845,10,16.613,19.18
1845,11,10.935,13.867
1845,12,3.196,7.726
1846,1,3.069,5.848
1846,2,5.426,7.631
1846,3,9.063,11.377
1846,4,13.837,16.227
1846,5,17.913,21.384
1846,6,24.561,25.987
1846,7,28.271,30.091
1846,8,28.225,29.412
1846,9,24.028,25.041
1846,10,17.6,19.321
1846,11,10.921,13.85
1846,12,7.315,8.125
1847,1,3.313,8.222
1847,2,3.611,6.929
1847,3,9.457,13.087
1847,4,15.242,15.77
1847,5,18.795,21.004
1847,6,23.137,26.17
1847,7,28.233,30.385
1847,8,27.047,30.613
1847,9,23.715,24.751
1847,10,17.139,18.857
1847,11,13.528,13.923
1847,12,6.133,8.582
1848,1,2.136,5.319
1848,2,3.908,7.862
1848,3,8.909,10.151
1848,4,13.058,17.745
1848,5,20.159,21.192
1848,6,23.209,25.861
1848,7,27.219,31.804
1848,8,26.066,30.108
1848,9,22.831,24.836
1848,10,16.96,19.356
1848,11,9.463,15.049
1848,12,6.344,7.494
1849,1,3.326,4.47
1849,2,6.955,6.683
1849,3,9.445,10.948
1849,4,12.957,16.803
1849,5,18.813,21.038
1849,6,22.954,26.373
1849,7,26.527,30.484
1849,8,27.619,29.186
1849,9,23.435,24.83
1849,10,17.08,19.368
1849,11,10.509,15.093
1849,12,5.701,7.873
1850,1,2.847,4.72
1850,2,4.2,6.984
1850,3,9.583,11.491
1850,4,12.975,17.05
1850,5,19.929,22.871
1850,6,24.008,25.506
1850,7,27.425,29.745
1850,8,27.723,30.818
1850,9,23.004,24.507
1850,10,18.11,20.205
1850,11,11.192,14.393
1850,12,6.169,8.885
1851,1,4.301,5.077
1851,2,4.989,6.715
1851,3,8.043,10.524
1851,4,12.499,17.157
1851,5,18.442,20.623
1851,6,23.568,26.184
1851,7,27.893,29.995
1851,8,27.404,29.641
1851,9,22.143,24.483
1851,10,15.659,21.021
1851,11,12.205,14.472
1851,12,5.525,9.174
1852,1,2.933,5.736
1852,2,2.996,6.227
1852,3,7.244,10.207
1852,4,13.154,16.177
1852,5,19.775,21.086
1852,6,25.444,26.454
1852,7,29.383,30.231
1852,8,27.358,29.4
1852,9,22.277,25.036
1852,10,18.115,19.061
1852,11,11.613,14.581
1852,12,4.968,8.909
1853,1,2.17,5.091
1853,2,3.186,6.141
1853,3,9.512,10.918
1853,4,13.918,15.88
1853,5,19.411,20.545
1853,6,24.81,25.052
1853,7,29.494,29.943
1853,8,26.774,31.346
1853,9,24.029,24.606
1853,10,17.644,20.503
1853,11,12.778,14.367
1853,12,5.774,8.318
1854,1,4.707,7.216
1854,2,3.081,6.714
1854,3,8.78,10.556
1854,4,13.968,15.812
1854,5,20.34,20.739
1854,6,24.419,26.046
1854,7,28.974,29.742
1854,8,28.481,29.337
1854,9,23.23,24.818
1854,10,17.973,20.651
1854,11,11.694,13.755
1854,12,6.203,9.225
1855,1,0.789,5.317
1855,2,4.517,6.982
1855,3,9.19,9.951
1855,4,14.85,16.884
1855,5,20.708,21.203
1855,6,24.437,25.275
1855,7,28.748,29.517
1855,8,27.543,29.013
1855,9,23.493,24.483
1855,10,17.502,19.644
1855,11,11.465,13.881
1855,12,6.854,8.792
1856,1,0.635,6.884
1856,2,2.825,6.32
1856,3,8.785,10.065
1856,4,14.537,16.076
1856,5,19.826,22.19
1856,6,24.048,26.303
1856,7,28.603,30.631
1856,8,28.233,31.252
1856,9,24.011,26.375
1856,10,17.037,19.245
1856,11,11.9,14.919
1856,12,6.103,7.54
1857,1,2.818,5.217
1857,2,5.654,7.969
1857,3,9.433,10.506
1857,4,15.37,17.766
1857,5,18.921,21.1
1857,6,24.765,26.885
1857,7,28.588,30.57
1857,8,27.43,29.825
1857,9,22.621,24.553
1857,10,17.743,20.006
1857,11,11.003,13.492
1857,12,6.779,7.801
1858,1,3.668,5.504
1858,2,4.885,6.7
1858,3,8.742,10.272
1858,4,14.573,16.453
1858,5,18.885,21.281
1858,6,24.138,25.507
1858,7,27.806,29.766
1858,8,26.062,30.907
1858,9,23.369,24.921
1858,10,17.021,19.616
1858,11,10.964,13.921
1858,12,5.791,7.669
1859,1,2.916,4.642
1859,2,4.089,5.98
1859,3,8.309,9.974
1859,4,16.178,16.938
1859,5,20.316,20.737
1859,6,25.198,25.488
1859,7,27.444,29.779
1859,8,27.839,29.357
1859,9,23.135,24.547
1859,10,17.451,19.439
1859,11,10.597,14.643
1859,12,4.21,9.287
1860,1,2.469,4.801
1860,2,5.209,6.899
1860,3,7.028,11.481
1860,4,14.231,16.092
1860,5,17.993,20.819
1860,6,24.009,25.201
1860,7,26.972,29.687
1860,8,27.564,29.236
1860,9,23.322,25.75
1860,10,16.247,19.709
1860,11,9.508,14.368
1860,12,6.02,7.387
1861,1,1.306,5.017
1861,2,2.705,5.655
1861,3,8.301,9.963
1861,4,14.915,16.212
1861,5,19.134,22.11
1861,6,24.19,25.811
1861,7,28.951,31.11
1861,8,28.379,30.2
1861,9,21.97,24.924
1861,10,17.182,18.946
1861,11,11.341,14.35
1861,12,5.102,7.854
1862,1,-0.05,6.488
1862,2,1.783,8.02
1862,3,6.913,11.273
1862,4,13.623,16.213
1862,5,19.842,21.611
1862,6,24.537,25.615
1862,7,28.167,30.025
1862,8,26.34,30.903
1862,9,23.012,25.156
1862,10,16.592,19.731
1862,11,9.245,15.097
1862,12,3.606,8.165
1863,1,3.722,5.59
1863,2,6.114,8.113
1863,3,8.824,10.054
1863,4,12.218,18.794
1863,5,18.168,22.536
1863,6,24.125,26.162
1863,7,29.72,31.783
1863,8,27.122,29.692
1863,9,22.477,24.82
1863,10,15.76,20.365
1863,11,9.177,17.056
1863,12,4.943,8.333
1864,1,0.865,6.934
1864,2,2.876,7.703
1864,3,6.359,13.517
1864,4,13.762,16.079
1864,5,18.6,21.798
1864,6,23.647,25.93
1864,7,28.326,29.498
1864,8,27.021,29.575
1864,9,22.627,25.058
1864,10,18.242,20.088
1864,11,11.308,13.771
1864,12,4.507,7.432
1865,1,4.107,5.06
1865,2,4.573,8.12
1865,3,8.337,10.763
1865,4,14.668,17.694
1865,5,19.699,21.581
1865,6,24.587,25.869
1865,7,28.002,30.46
1865,8,28.032,29.959
1865,9,23.821,25.085
1865,10,17.431,19.34
1865,11,10.777,14.561
1865,12,4.583,8.542
1866,1,3.341,5.238
1866,2,4.665,7.739
1866,3,8.492,11.017
1866,4,12.445,17.187
1866,5,19.768,21.169
1866,6,23.276,25.459
1866,7,28.236,30.013
1866,8,29.019,30.318
1866,9,22.614,24.676
1866,10,17.364,18.73
1866,11,10.786,14.434
1866,12,6.456,7.612
1867,1,2.71,4.876
1867,2,4.688,6.83
1867,3,10.121,11.561
1867,4,14.802,16.266
1867,5,19.54,20.873
1867,6,24.734,25.301
1867,7,28.335,30.405
1867,8,27.435,29.747
1867,9,22.662,25.509
1867,10,18.407,18.7
1867,11,10.846,15.938
1867,12,7.087,7.737
1868,1,3.654,5.561
1868,2,4.816,7.525
1868,3,8.416,10.32
1868,4,14.569,16.301
1868,5,19.023,21.343
1868,6,23.886,25.499
1868,7,28.396,29.57
1868,8,27.528,29.5
1868,9,23.417,24.914
1868,10,18.371,18.97
1868,11,11.875,13.924
1868,12,6.337,8.403
1869,1,3.796,5.49
1869,2,5.717,6.616
1869,3,8.652,10.648
1869,4,13.584,16.489
1869,5,20.326,21.231
1869,6,24.592,25.53
1869,7,28.446,29.794
1869,8,28.196,29.371
1869,9,24.158,24.831
1869,10,18.492,19.333
1869,11,11.216,13.876
1869,12,5.869,7.983
1870,1,2.951,4.949
1870,2,4.064,6.79
1870,3,9.589,11.666
1870,4,14.728,16.768
1870,5,20.099,21.426
1870,6,25.073,26.174
1870,7,28.367,30.112
1870,8,27.744,29.564
1870,9,23.907,25.492
1870,10,18.291,20.428
1870,11,11.211,14.14
1870,12,5.405,8.12
1871,1,3.227,5.2
1871,2,4.505,7.188
1871,3,9.848,11.014
1871,4,14.886,16.267
1871,5,20.65,22.519
1871,6,25.535,26.94
1871,7,29.336,31.099
1871,8,28.782,30.446
1871,9,24.941,27.657
1871,10,19.181,20.54
1871,11,11.391,13.838
1871,12,3.465,9.343
1872,1,2.642,7.018
1872,2,2.931,5.856
1872,3,9.544,11.109
1872,4,15.708,17.022
1872,5,20.312,21.004
1872,6,23.171,26.59
1872,7,29.908,32.321
1872,8,28.197,30.588
1872,9,23.451,24.464
1872,10,17.886,18.693
1872,11,11.721,13.615
1872,12,7.975,9.129
1873,1,1.974,5.97
1873,2,4.159,6.009
1873,3,7.844,10.041
1873,4,15.897,19.124
1873,5,20.073,22.382
1873,6,23.409,25.96
1873,7,28.695,30.982
1873,8,27.234,28.906
1873,9,23.47,24.936
1873,10,17.011,19.017
1873,11,11.967,13.377
1873,12,7.113,8.146
1874,1,1.138,6.373
1874,2,4.237,6.246
1874,3,7.508,11.451
1874,4,15.042,16.285
1874,5,19.629,20.896
1874,6,25.916,25.969
1874,7,27.95,30.356
1874,8,27.928,29.09
1874,9,23.734,24.481
1874,10,18.12,18.847
1874,11,10.137,14.542
1874,12,6.77,7.227
1875,1,2.119,4.417
1875,2,4.307,5.813
1875,3,10.134,10.138
1875,4,13.639,15.879
1875,5,20.689,21.541
1875,6,23.79,26.398
1875,7,28.62,29.605
1875,8,27.627,29.767
1875,9,22.882,24.815
1875,10,17.569,18.785
1875,11,10.96,13.532
1875,12,3.276,9.046
1876,1,1.16,5.412
1876,2,5.07,6.301
1876,3,9.335,11.503
1876,4,14.235,15.819
1876,5,20.257,21.622
1876,6,23.168,26.829
1876,7,27.533,30.298
1876,8,27.728,29.241
1876,9,23.454,24.501
1876,10,18.288,19.465
1876,11,10.562,13.832
1876,12,6.362,9.912
1877,1,2.717,5.18
1877,2,2.603,6.52
1877,3,8.397,10.875
1877,4,15.627,17.243
1877,5,19.831,21.435
1877,6,24.533,26.406
1877,7,27.6,30.972
1877,8,26.553,31.486
1877,9,23.451,24.447
1877,10,16.347,20.92
1877,11,11.746,14.704
1877,12,5.814,9.363
1878,1,0.325,6.588
1878,2,3.199,6.95
1878,3,9.605,10.821
1878,4,14.544,16.601
1878,5,19.312,21.469
1878,6,23.949,25.885
1878,7,28.347,29.881
1878,8,27.426,29.667
1878,9,23.934,25.83
1878,10,18.409,19.19
1878,11,11.726,13.486
1878,12,4.73,7.548
1879,1,2.929,4.105
1879,2,5.64,6.024
1879,3,8.126,9.803
1879,4,13.697,15.969
1879,5,20.185,20.89
1879,6,24.406,25.164
1879,7,29.462,31.401
1879,8,29.295,30.546
1879,9,23.984,24.69
1879,10,17.511,18.866
1879,11,12.659,14.28
1879,12,5.709,7.469
1880,1,1.948,4.435
1880,2,4.372,6.285
1880,3,9.193,9.995
1880,4,13.893,15.523
1880,5,20.525,21.429
1880,6,23.667,25.03
1880,7,26.817,30.384
1880,8,26.47,29.818
1880,9,24.109,24.972
1880,10,18.818,19.76
1880,11,10.075,14.898
1880,12,3.505,7.674
1881,1,2.13,4.337
1881,2,5.275,6.698
1881,3,6.434,11.028
1881,4,14.331,15.536
1881,5,18.998,21.57
1881,6,24.164,25.484
1881,7,27.992,29.115
1881,8,27.919,28.887
1881,9,23.728,24.331
1881,10,18.122,19.068
1881,11,12.394,13.472
1881,12,6.062,7.416
1882,1,4.545,4.663
1882,2,4.488,6.275
1882,3,8.589,10.546
1882,4,14.285,15.438
1882,5,19.575,21.261
1882,6,23.584,25.219
1882,7,26.75,29.77
1882,8,26.294,29.558
1882,9,23.466,24.322
1882,10,18.976,18.905
1882,11,11.024,13.47
1882,12,4.869,7.297
1883,1,2.027,4.985
1883,2,3.618,6.082
1883,3,8.607,11
1883,4,14.561,15.867
1883,5,18.75,21.336
1883,6,24.914,25.922
1883,7,28.084,29.666
1883,8,27.299,28.992
1883,9,23.404,25.58
1883,10,18.272,18.517
1883,11,11.032,13.056
1883,12,4.361,7.887
1884,1,4.034,4.552
1884,2,2.932,5.681
1884,3,8.513,9.98
1884,4,13.514,16.294
1884,5,18.867,21.548
1884,6,23.494,25.072
1884,7,27.267,29.219
1884,8,26.522,29.085
1884,9,23.831,24.417
1884,10,17.434,19.026
1884,11,9.297,14.461
1884,12,3.327,7.268
1885,1,2.127,4.388
1885,2,2.167,6.126
1885,3,7.863,9.995
1885,4,12.876,17.492
1885,5,19.168,20.797
1885,6,23.218,26.404
1885,7,26.399,30.374
1885,8,27.914,29.389
1885,9,22.97,24.551
1885,10,17.975,18.977
1885,11,10.128,14.351
1885,12,6.111,7.341
1886,1,1.847,4.412
1886,2,1.191,6.286
1886,3,8.515,9.817
1886,4,14.053,15.809
1886,5,19.518,20.852
1886,6,23.049,25.89
1886,7,27.936,29.756
1886,8,27.327,28.996
1886,9,22.264,25.458
1886,10,18.604,18.931
1886,11,11.651,13.277
1886,12,4.748,7.62
1887,1,2.562,4.409
1887,2,3.66,6.265
1887,3,8.571,10.372
1887,4,15.339,17.75
1887,5,19.255,20.902
1887,6,23.197,25.836
1887,7,27.553,29.58
1887,8,28.266,30.113
1887,9,23.924,24.425
1887,10,17.994,18.782
1887,11,11.635,13.668
1887,12,5.89,7.166
1888,1,3.847,4.581
1888,2,2.38,6.342
1888,3,9.628,9.97
1888,4,14.152,15.986
1888,5,19.827,20.569
1888,6,23.381,25.863
1888,7,28.147,29.27
1888,8,28.121,28.991
1888,9,23.296,24.431
1888,10,17.599,19.53
1888,11,12.42,13.262
1888,12,7.65,7.271
1889,1,1.07,4.949
1889,2,3.382,6.21
1889,3,9.185,9.742
1889,4,13.803,15.852
1889,5,18.759,21.648
1889,6,25.288,25.024
1889,7,28.276,30.116
1889,8,27.31,29.003
1889,9,22.438,24.842
1889,10,17.586,19.486
1889,11,11.138,13.403
1889,12,5.395,8.267
1890,1,3.71,4.47
1890,2,6.815,5.784
1890,3,8.066,10.324
1890,4,15.572,16.425
1890,5,19.79,21.967
1890,6,24.216,25.761
1890,7,28.257,29.207
1890,8,27.236,28.87
1890,9,22.663,24.988
1890,10,17.118,19.133
1890,11,12.958,13.631
1890,12,8.25,6.949
1891,1,2.988,4.331
1891,2,4.293,6.018
1891,3,8.749,9.71
1891,4,13.431,15.376
1891,5,20.044,21.245
1891,6,23.993,25.669
1891,7,27.17,28.996
1891,8,27.275,28.813
1891,9,23.505,24.988
1891,10,19.423,18.63
1891,11,11.869,13.214
1891,12,5.896,7.374
1892,1,3.35,4.454
1892,2,4.762,5.634
1892,3,6.598,10.962
1892,4,14.237,16.895
1892,5,18.907,21.014
1892,6,24.532,25.203
1892,7,28.588,30.043
1892,8,28.541,30.453
1892,9,22.547,24.71
1892,10,16.845,18.577
1892,11,12.129,13.812
1892,12,4.096,7.692
1893,1,0.734,5.743
1893,2,2.338,5.435
1893,3,8.814,10.162
1893,4,14.25,15.445
1893,5,18.839,21.116
1893,6,24.138,25.708
1893,7,28.359,29.401
1893,8,26.961,29.382
1893,9,24.413,24.825
1893,10,17.195,18.719
1893,11,10.15,13.239
1893,12,5.374,6.951
1894,1,3.791,5.28
1894,2,4.897,5.756
1894,3,8.873,10.359
1894,4,15.614,15.39
1894,5,19.81,20.421
1894,6,24.899,25.057
1894,7,28.943,30.165
1894,8,28.695,29.266
1894,9,23.669,25.053
1894,10,17.742,19.186
1894,11,12.468,13.395
1894,12,5.328,7.095
1895,1,1.393,4.397
1895,2,4.082,6.356
1895,3,7.746,10.064
1895,4,14.936,15.45
1895,5,19.86,21.381
1895,6,24.354,25.661
1895,7,26.902,29.695
1895,8,27.552,28.877
1895,9,22.524,25.957
1895,10,17.3,19.332
1895,11,11.139,13.682
1895,12,5.399,6.992
1896,1,3.563,4.065
1896,2,3.599,5.688
1896,3,6.946,9.951
1896,4,14.829,15.508
1896,5,19.211,20.624
1896,6,24.558,25.057
1896,7,27.445,29.12
1896,8,27.921,28.938
1896,9,23.865,24.414
1896,10,18.045,18.629
1896,11,13.397,13.411
1896,12,5.332,7.234
1897,1,4.292,4.562
1897,2,1.995,6.086
1897,3,8.427,11.192
1897,4,13.356,15.771
1897,5,19.632,21.548
1897,6,24.295,25.188
1897,7,27.993,29.169
1897,8,28.288,29.551
1897,9,23.618,25.122
1897,10,18.089,18.66
1897,11,12.874,13.241
1897,12,4.323,7.236
1898,1,4.412,4.587
1898,2,6.747,5.672
1898,3,8.205,11.466
1898,4,13.555,15.616
1898,5,20.133,21.379
1898,6,24.548,24.954
1898,7,28.948,30.942
1898,8,27.967,29.093
1898,9,24.327,24.112
1898,10,18.277,19.001
1898,11,13.074,13.152
1898,12,5.772,7.559
1899,1,3.152,4.367
1899,2,5.449,5.352
1899,3,9.619,9.505
1899,4,14.228,15.871
1899,5,19.579,20.992
1899,6,24.995,25.897
1899,7,28.097,29.037
1899,8,27.117,29.592
1899,9,22.71,25.725
1899,10,16.019,19.242
1899,11,10.854,13.15
1899,12,8.236,7.02
1900,1,1.599,4.102
1900,2,4.166,5.481
1900,3,8.46,9.616
1900,4,14.51,16.102
1900,5,20.304,21.675
1900,6,23.576,25.432
1900,7,28.102,29.553
1900,8,28.107,28.826
1900,9,23.657,24.671
1900,10,18.245,18.573
1900,11,12.331,12.883
1900,12,6.535,6.84
1901,1,4.543,3.984
1901,2,1.348,5.24
1901,3,8.33,9.705
1901,4,14.676,15.831
1901,5,18.763,20.543
1901,6,23.483,25.449
1901,7,26.533,29.548
1901,8,27.379,28.88
1901,9,22.907,24.729
1901,10,18.225,18.949
1901,11,11.402,13.223
1901,12,5.511,6.793
1902,1,5.398,4.524
1902,2,4.561,5.786
1902,3,10.767,9.714
1902,4,14.262,15.548
1902,5,20.02,20.758
1902,6,23.8,25.293
1902,7,27.501,29.412
1902,8,26.812,28.819
1902,9,22.575,24.411
1902,10,18.46,18.82
1902,11,14.078,13.254
1902,12,6.978,6.965
1903,1,2.815,4.266
1903,2,4.133,5.79
1903,3,9.653,10.171
1903,4,14.486,16.107
1903,5,19.385,20.499
1903,6,23.606,25.756
1903,7,26.777,29.916
1903,8,28.03,29.427
1903,9,23.822,24.22
1903,10,17.844,18.847
1903,11,10.983,13.017
1903,12,5.172,7.276
1904,1,2.961,4.264
1904,2,6.638,6.221
1904,3,8.548,9.757
1904,4,14.284,15.793
1904,5,19.155,20.627
1904,6,24.585,24.916
1904,7,27.475,29.094
1904,8,27.214,29.353
1904,9,23.235,24.772
1904,10,17.607,18.359
1904,11,10.843,13.235
1904,12,5.126,7.257
1905,1,5.842,4.05
1905,2,1.912,6.358
1905,3,7.086,10.06
1905,4,12.33,15.575
1905,5,19.385,20.503
1905,6,24.767,24.92
1905,7,28.427,29.51
1905,8,26.619,28.738
1905,9,23.618,24.925
1905,10,17.393,18.479
1905,11,11.444,13.329
1905,12,7.225,6.655
1906,1,3.244,3.811
1906,2,3.431,5.27
1906,3,8.534,9.554
1906,4,14.472,15.466
1906,5,19.372,20.743
1906,6,24.281,24.987
1906,7,27.68,29.096
1906,8,27.597,28.787
1906,9,23.395,24.063
1906,10,17.577,18.38
1906,11,10.463,12.765
1906,12,5.946,7.167
1907,1,4.908,4.045
1907,2,2.599,6.09
1907,3,7.714,10.184
1907,4,13.998,15.152
1907,5,20.351,20.825
1907,6,23.562,24.848
1907,7,25.855,29.358
1907,8,28.004,28.877
1907,9,22.929,24.444
1907,10,18.854,18.259
1907,11,11.936,12.851
1907,12,6.16,6.7
1908,1,4.053,4.013
1908,2,3.532,5.293
1908,3,7.968,9.691
1908,4,12.707,15.263
1908,5,19.78,20.593
1908,6,24.232,24.787
1908,7,27.656,29.108
1908,8,27.743,28.983
1908,9,23.416,24.063
1908,10,18.286,18.28
1908,11,11.344,12.955
1908,12,7.378,6.823
1909,1,3.202,3.978
1909,2,4.513,5.116
1909,3,7.366,9.698
1909,4,14.907,15.245
1909,5,19.87,20.684
1909,6,23.047,25.459
1909,7,28.35,29.082
1909,8,28.194,28.781
1909,9,24.862,24.592
1909,10,18.33,18.794
1909,11,12.168,13.142
1909,12,5.294,6.52
1910,1,3.087,3.85
1910,2,3.078,5.521
1910,3,8.143,9.429
1910,4,12.774,15.401
1910,5,18.559,20.697
1910,6,24.415,24.73
1910,7,28.378,29.34
1910,8,27.782,28.562
1910,9,23.054,24.18
1910,10,17.738,18.276
1910,11,12.153,13.011
1910,12,3.921,6.732
1911,1,3.131,3.937
1911,2,4.537,5.288
1911,3,8.644,9.538
1911,4,14.305,16.019
1911,5,18.675,20.467
1911,6,23.128,25.88
1911,7,27.247,30.333
1911,8,27.445,28.668
1911,9,24.662,24.25
1911,10,16.966,18.546
1911,11,11.637,12.811
1911,12,5.352,6.784
1912,1,2.586,4.015
1912,2,6.599,5.331
1912,3,8.287,9.895
1912,4,15.242,15.412
1912,5,20.133,20.647
1912,6,24.984,24.838
1912,7,28.054,28.997
1912,8,27.251,28.833
1912,9,22.169,24.261
1912,10,17.33,18.537
1912,11,9.799,12.746
1912,12,4.852,6.656
1913,1,3.228,3.719
1913,2,4.228,5.204
1913,3,7.886,9.599
1913,4,13.658,15.974
1913,5,18.964,20.488
1913,6,24.174,24.887
1913,7,26.767,28.864
1913,8,28.103,28.643
1913,9,22.868,24.956
1913,10,17.861,18.486
1913,11,11.896,12.884
1913,12,4.655,6.901
1914,1,5.109,4.012
1914,2,6.328,5.176
1914,3,10.394,9.424
1914,4,14.132,15.448
1914,5,19.201,20.815
1914,6,24.942,24.801
1914,7,29.883,29.316
1914,8,28.056,28.821
1914,9,23.113,24.376
1914,10,18.623,18.555
1914,11,12.384,12.964
1914,12,6.056,6.735
1915,1,3.469,3.639
1915,2,4.786,5.517
1915,3,8.394,9.935
1915,4,13.329,15.272
1915,5,20.297,21.091
1915,6,24.646,24.823
1915,7,28.11,28.913
1915,8,27.583,28.868
1915,9,22.901,24.073
1915,10,19.394,18.575
1915,11,13.09,12.919
1915,12,7.289,6.635
1916,1,4.621,3.834
1916,2,4.784,5.32
1916,3,7.701,9.738
1916,4,14.646,15.374
1916,5,19.667,20.352
1916,6,24.461,24.795
1916,7,27.123,29.151
1916,8,26.945,28.977
1916,9,23.95,24.733
1916,10,17.545,18.333
1916,11,12.16,12.679
1916,12,5.394,6.713
1917,1,0.224,4.314
1917,2,3.694,5.346
1917,3,7.756,9.278
1917,4,14.973,15.269
1917,5,19.483,20.414
1917,6,24.241,24.793
1917,7,27.945,29.124
1917,8,27.893,28.665
1917,9,24.536,24.553
1917,10,17.541,18.346
1917,11,10.068,13.14
1917,12,2.73,6.76
1918,1,0.637,3.89
1918,2,5.067,5.292
1918,3,8.646,9.479
1918,4,14.149,15.331
1918,5,19.518,20.551
1918,6,23.732,24.876
1918,7,27.414,28.878
1918,8,28.052,29.103
1918,9,23.463,24.122
1918,10,18.157,18.209
1918,11,11.321,12.827
1918,12,6.456,6.689
1919,1,2.832,3.75
1919,2,4.424,5.329
1919,3,10.129,9.585
1919,4,15.992,15.992
1919,5,20.846,20.545
1919,6,24.944,24.661
1919,7,27.128,29.106
1919,8,27.976,28.785
1919,9,22.699,24.075
1919,10,17.776,18.496
1919,11,11.44,12.775
1919,12,5.017,6.612
1920,1,3.402,3.703
1920,2,2.78,5.523
1920,3,8.472,9.532
1920,4,13.648,15.469
1920,5,19.332,20.554
1920,6,24.126,24.699
1920,7,28.14,28.939
1920,8,28.069,28.499
1920,9,24.431,24.396
1920,10,18.746,18.386
1920,11,13.65,12.826
1920,12,7.449,6.935
1921,1,3.426,3.879
1921,2,5.777,5.188
1921,3,8.678,9.451
1921,4,13.943,15.598
1921,5,19.612,20.157
1921,6,22.572,25.143
1921,7,28.254,29.269
1921,8,27.549,28.855
1921,9,22.331,24.007
1921,10,16.685,18.38
1921,11,11.503,12.95
1921,12,6.682,6.908
1922,1,2.83,4.854
1922,2,5.977,5.462
1922,3,9.373,9.556
1922,4,15.348,15.214
1922,5,19.711,20.302
1922,6,24.988,24.787
1922,7,28.343,28.907
1922,8,28.386,28.691
1922,9,23.408,24.31
1922,10,18.206,18.457
1922,11,11.175,12.729
1922,12,5.533,6.669
1923,1,2.546,3.706
1923,2,3.246,5.024
1923,3,10.4,9.587
1923,4,13.84,15.279
1923,5,19.897,20.438
1923,6,24.154,24.674
1923,7,27.125,29.068
1923,8,28.673,28.697
1923,9,23.199,24.15
1923,10,17.599,18.23
1923,11,12.4,13.085
1923,12,6.19,6.736
1924,1,4.104,3.87
1924,2,4.281,5.141
1924,3,7,9.5
1924,4,15.675,15.379
1924,5,19.152,20.764
1924,6,23.723,24.955
1924,7,28.745,28.825
1924,8,28.092,28.847
1924,9,23.786,24.061
1924,10,18.137,18.274
1924,11,10.314,12.911
1924,12,5.65,6.782
1925,1,2.359,3.895
1925,2,3.215,5.282
1925,3,9.1,9.71
1925,4,13.185,15.246
1925,5,20.247,20.344
1925,6,25.236,24.861
1925,7,27.129,28.997
1925,8,27.345,28.671
1925,9,23.103,24.724
1925,10,18.269,18.488
1925,11,13.477,12.843
1925,12,5.176,6.646
1926,1,3.364,3.86
1926,2,4.475,5.227
1926,3,9.544,9.43
1926,4,14.545,15.353
1926,5,21.433,20.514
1926,6,22.9,24.983
1926,7,28.217,29.29
1926,8,29.548,28.684
1926,9,24.711,23.964
1926,10,16.693,18.463
1926,11,12.486,12.794
1926,12,4.61,6.775
1927,1,3.299,4.017
1927,2,3.98,5.122
1927,3,7.801,9.479
1927,4,14.423,15.65
1927,5,19.938,20.297
1927,6,24.306,24.903
1927,7,29.088,29.209
1927,8,28.538,28.584
1927,9,23.448,24.247
1927,10,17.598,18.337
1927,11,13.735,12.748
1927,12,7.347,7.042
1928,1,3.633,3.759
1928,2,4.515,5.176
1928,3,9.335,9.334
1928,4,15.24,15.262
1928,5,21.016,20.645
1928,6,24.149,25.17
1928,7,28.22,29.448
1928,8,26.766,29.053
1928,9,23.569,24.019
1928,10,17.491,18.63
1928,11,12.206,12.769
1928,12,6.263,7.047
1929,1,3.23,3.9
1929,2,3.863,5.156
1929,3,9.349,9.438
1929,4,15.462,15.418
1929,5,20.493,20.515
1929,6,24.653,25.18
1929,7,28.474,28.896
1929,8,28.374,28.449
1929,9,23.421,24.317
1929,10,17.909,18.377
1929,11,11.033,12.907
1929,12,5.239,6.732
1930,1,0.705,4.069
1930,2,6.078,5.059
1930,3,10.337,9.414
1930,4,15.017,15.241
1930,5,20.603,20.372
1930,6,24.33,24.738
1930,7,29.123,29.247
1930,8,28.349,28.629
1930,9,22.906,24.282
1930,10,17.976,18.407
1930,11,10.519,12.807
1930,12,6.774,6.55
1931,1,2.921,3.81
1931,2,3.143,5.472
1931,3,10.02,9.384
1931,4,13.888,15.437
1931,5,18.677,20.572
1931,6,24.922,24.659
1931,7,26.28,29.097
1931,8,28.511,28.667
1931,9,22.937,24.412
1931,10,17.361,18.408
1931,11,13.24,12.796
1931,12,5.776,6.585
1932,1,4.865,3.894
1932,2,3.184,5.129
1932,3,8.91,9.527
1932,4,14.813,15.218
1932,5,19.763,20.259
1932,6,23.641,24.734
1932,7,29.785,28.927
1932,8,28.598,28.625
1932,9,22.91,24.101
1932,10,17.467,18.503
1932,11,12.235,12.711
1932,12,6.332,6.548
1933,1,0.225,4.115
1933,2,3.994,5.157
1933,3,7.142,9.405
1933,4,13.857,15.144
1933,5,21.097,20.384
1933,6,23.933,24.746
1933,7,29.291,29.126
1933,8,28.988,28.582
1933,9,24.335,24.012
1933,10,17.592,18.593
1933,11,12.581,13.18
1933,12,7.891,6.973
1934,1,0.458,3.786
1934,2,4.076,5.351
1934,3,8.239,9.436
1934,4,12.421,15.318
1934,5,20.564,20.278
1934,6,25.476,24.788
1934,7,30.392,29.093
1934,8,29.513,28.823
1934,9,23.713,24.202
1934,10,16.57,18.293
1934,11,10.982,12.715
1934,12,7.747,6.4
1935,1,3.851,3.707
1935,2,5.671,5.33
1935,3,11.453,9.599
1935,4,14.17,15.51
1935,5,20.93,20.427
1935,6,24.336,24.974
1935,7,28.591,29.257
1935,8,28.144,29.005
1935,9,23.161,24.162
1935,10,19.568,18.359
1935,11,12.959,12.998
1935,12,3.168,6.565
1936,1,1.26,3.941
1936,2,3.034,5.219
1936,3,5.831,9.76
1936,4,14.381,15.293
1936,5,18.42,20.565
1936,6,24.736,24.918
1936,7,27.617,29.01
1936,8,27.269,28.878
1936,9,24.012,24.203
1936,10,18.74,18.417
1936,11,12.451,12.901
1936,12,5.665,6.535
1937,1,4.057,3.92
1937,2,4.845,5.116
1937,3,8.978,9.587
1937,4,14.7,15.292
1937,5,20.146,20.278
1937,6,23.068,24.788
1937,7,28.661,29.369
1937,8,28.131,28.676
1937,9,24.158,24.128
1937,10,18.5,18.414
1937,11,11.796,12.959
1937,12,6.038,6.87
1938,1,2.059,4.001
1938,2,4.532,5.221
1938,3,8.963,9.39
1938,4,16.311,15.404
1938,5,21.731,20.909
1938,6,23.87,26.083
1938,7,28.272,28.989
1938,8,27.907,28.811
1938,9,23.43,24.146
1938,10,19.996,18.411
1938,11,11.907,12.932
1938,12,6.903,6.674
1939,1,3.746,3.755
1939,2,5.085,5.241
1939,3,9.581,9.36
1939,4,14.015,15.201
1939,5,20.145,20.221
1939,6,25.147,24.971
1939,7,27.837,29.053
1939,8,27.885,28.612
1939,9,23.502,24.191
1939,10,18.88,18.58
1939,11,12.068,12.803
1939,12,5.64,6.685
1940,1,3.496,4.074
1940,2,4.74,5.062
1940,3,8.622,9.437
1940,4,14.847,15.582
1940,5,20.262,20.523
1940,6,24.678,24.791
1940,7,28.848,29.1
1940,8,27.615,28.995
1940,9,23.264,24.099
1940,10,18.403,18.701
1940,11,12.617,12.904
1940,12,7.551,6.625
1941,1,5.06,3.851
1941,2,5.13,5.489
1941,3,10.243,9.613
1941,4,15.019,15.38
1941,5,20.473,20.369
1941,6,24.919,24.792
1941,7,26.831,29.299
1941,8,27.301,28.863
1941,9,22.755,24.271
1941,10,18.403,18.483
1941,11,12.746,12.851
1941,12,7.817,6.945
1942,1,3.198,3.909
1942,2,3.446,5.321
1942,3,10.86,9.616
1942,4,15.122,15.287
1942,5,19.317,20.43
1942,6,24.05,25.055
1942,7,29.546,29.137
1942,8,28.825,28.984
1942,9,24.311,24.213
1942,10,18.134,18.466
1942,11,12.503,12.724
1942,12,5.207,6.79
1943,1,2.053,3.961
1943,2,4.658,5.569
1943,3,9.714,9.733
1943,4,13.999,15.705
1943,5,20.507,20.387
1943,6,23.727,25.376
1943,7,27.147,29.216
1943,8,27.993,28.712
1943,9,24.056,24.217
1943,10,18.507,18.536
1943,11,12.422,12.966
1943,12,7.352,6.733
1944,1,4.945,3.754
1944,2,4.568,5.196
1944,3,9.046,9.526
1944,4,14.15,15.462
1944,5,20.129,20.412
1944,6,24.826,24.684
1944,7,29.355,28.9
1944,8,27.904,28.565
1944,9,24.61,24.2
1944,10,18.176,18.401
1944,11,13.575,13.011
1944,12,2.354,7.661
1945,1,1.512,3.856
1945,2,2.265,5.715
1945,3,8.495,9.788
1945,4,15.093,15.644
1945,5,19.338,20.695
1945,6,24.631,25.92
1945,7,28.032,29.02
1945,8,28.334,28.592
1945,9,24.487,24.471
1945,10,17.621,18.656
1945,11,14.884,13.201
1945,12,6.213,6.783
1946,1,5.211,3.821
1946,2,6.972,5.461
1946,3,8.626,9.856
1946,4,16.52,15.64
1946,5,19.574,20.149
1946,6,25.617,24.673
1946,7,27.579,28.952
1946,8,28.923,29.067
1946,9,25.116,24.204
1946,10,18.035,18.472
1946,11,13.708,12.837
1946,12,4.554,7.279
1947,1,4.221,4.098
1947,2,2.754,5.422
1947,3,9.425,9.78
1947,4,15.254,15.677
1947,5,19.038,20.202
1947,6,23.126,24.709
1947,7,28.704,29.442
1947,8,28.934,28.977
1947,9,24.806,24.252
1947,10,16.437,18.623
1947,11,12.717,13.171
1947,12,5.067,6.897
1948,1,3.02,3.8
1948,2,5.667,5.204
1948,3,9.134,9.314
1948,4,16.014,15.316
1948,5,19.51,20.566
1948,6,25.007,25.022
1948,7,28,28.964
1948,8,28.725,28.773
1948,9,24.551,24.25
1948,10,18.31,18.601
1948,11,11.144,12.707
1948,12,8.805,6.59
1949,1,3.397,3.747
1949,2,6.753,5.364
1949,3,9.435,9.57
1949,4,15.102,15.38
1949,5,21.221,20.674
1949,6,23.436,25.061
1949,7,27.64,29.209
1949,8,27.936,28.716
1949,9,25.457,24.421
1949,10,18.48,18.53
1949,11,12.563,12.831
1949,12,7.302,6.54
1950,1,6.168,3.663
1950,2,4.67,5.083
1950,3,10.138,9.365
1950,4,15.077,15.344
1950,5,20.483,20.493
1950,6,24.401,24.977
1950,7,28.725,29.333
1950,8,28.006,28.88
1950,9,23.555,23.973
1950,10,18.9,18.401
1950,11,11.854,12.779
1950,12,4.772,6.569
1951,1,3.41,3.763
1951,2,5.137,5.265
1951,3,8.2,9.451
1951,4,13.225,15.325
1951,5,20.989,20.243
1951,6,23.953,24.989
1951,7,27.381,29.058
1951,8,29.071,28.908
1951,9,22.948,24.386
1951,10,19.382,18.468
1951,11,12.258,12.949
1951,12,8.217,6.516
1952,1,4.803,3.79
1952,2,3.577,5.223
1952,3,7.751,9.422
1952,4,15.598,15.133
1952,5,20.097,20.268
1952,6,25.28,24.693
1952,7,27.821,28.873
1952,8,27.68,28.494
1952,9,24.128,24.13
1952,10,17.501,18.409
1952,11,14.581,12.767
1952,12,4.352,6.565
1953,1,3.329,3.675
1953,2,5.711,5.066
1953,3,9.692,9.266
1953,4,14.463,15.214
1953,5,21.569,20.241
1953,6,25.608,24.687
1953,7,30.402,28.911
1953,8,29.988,28.634
1953,9,23.508,23.974
1953,10,19.704,18.208
1953,11,12.91,12.853
1953,12,7.53,6.461
1954,1,4.857,3.698
1954,2,5.271,5.041
1954,3,7.813,9.417
1954,4,14.343,15.11
1954,5,19.655,20.135
1954,6,22.966,24.736
1954,7,26.454,28.857
1954,8,28.676,28.645
1954,9,24.288,23.952
1954,10,17.681,18.237
1954,11,14.333,12.714
1954,12,3.89,6.545
1955,1,0.458,3.704
1955,2,6.428,5.036
1955,3,8.424,9.349
1955,4,15.028,15.258
1955,5,20.161,20.278
1955,6,24.801,24.649
1955,7,28.045,28.774
1955,8,27.71,28.617
1955,9,25.565,24.15
1955,10,16.913,18.442
1955,11,10.888,12.949
1955,12,8.35,6.419
1956,1,2.916,3.841
1956,2,4.52,5.375
1956,3,7.931,9.443
1956,4,15.27,15.431
1956,5,18.186,20.332
1956,6,25.26,24.784
1956,7,29.805,29.021
1956,8,27.59,28.649
1956,9,23.606,24.088
1956,10,17.403,18.31
1956,11,10.041,12.823
1956,12,4.806,6.547
1957,1,3.932,3.692
1957,2,1.915,5.117
1957,3,7.66,9.453
1957,4,14.452,15.493
1957,5,19.194,20.282
1957,6,23.642,24.853
1957,7,29.243,28.942
1957,8,27.369,29.144
1957,9,21.578,24.382
1957,10,17.117,18.508
1957,11,13.834,12.741
1957,12,7.312,6.436
1958,1,2.417,3.674
1958,2,4.848,5.072
1958,3,9.87,9.321
1958,4,15.758,15.273
1958,5,19.081,20.238
1958,6,25.096,24.789
1958,7,29.599,28.975
1958,8,27.252,28.685
1958,9,23.563,24.048
1958,10,16.158,18.245
1958,11,11.519,12.636
1958,12,7.636,6.484
1959,1,2.264,3.744
1959,2,5.655,5.105
1959,3,11.068,9.43
1959,4,15.018,15.273
1959,5,19.536,20.157
1959,6,24.535,24.691
1959,7,29.246,29.022
1959,8,29.423,28.575
1959,9,23.718,24.01
1959,10,18.68,18.325
1959,11,12.264,12.739
1959,12,7.066,6.617
1960,1,4.337,3.794
1960,2,7.1,5.093
1960,3,11.466,9.224
1960,4,14.61,15.153
1960,5,19.509,20.321
1960,6,24.528,24.744
1960,7,29.792,29.034
1960,8,27.379,28.614
1960,9,24.794,24.037
1960,10,18.168,18.376
1960,11,12.817,12.779
1960,12,4.695,6.343
1961,1,3.49,3.773
1961,2,5.561,5.135
1961,3,9.995,9.349
1961,4,15.741,15.246
1961,5,20.112,20.307
1961,6,25.444,24.771
1961,7,30.013,28.93
1961,8,29.297,28.506
1961,9,24.673,24.004
1961,10,18.868,18.407
1961,11,14.232,12.663
1961,12,6.81,6.453
1962,1,2.207,3.755
1962,2,6.481,5.207
1962,3,9.304,9.264
1962,4,13.531,15.222
1962,5,19.549,20.101
1962,6,24.231,24.978
1962,7,29.036,28.922
1962,8,28.053,28.541
1962,9,24.189,24.223
1962,10,17.86,18.428
1962,11,11.971,12.642
1962,12,6.927,6.618
1963,1,1.466,3.879
1963,2,4.036,5.111
1963,3,10.299,9.198
1963,4,15.216,15.106
1963,5,20.659,20.345
1963,6,23.744,24.718
1963,7,28.806,29.016
1963,8,28.536,28.567
1963,9,24.33,24.147
1963,10,17.01,18.252
1963,11,13.372,12.724
1963,12,6.902,6.386
1964,1,5.021,3.709
1964,2,1.706,5.212
1964,3,9.516,9.188
1964,4,17.364,15.22
1964,5,19.707,20.167
1964,6,23.964,24.724
1964,7,30.341,29.026
1964,8,28.597,28.589
1964,9,25.794,23.966
1964,10,18.765,18.34
1964,11,12.015,12.669
1964,12,6.171,6.382
1965,1,4.983,3.575
1965,2,5.947,5.038
1965,3,8.38,9.37
1965,4,13.077,15.124
1965,5,20.644,20.276
1965,6,23.427,24.91
1965,7,28.859,28.931
1965,8,27.309,28.585
1965,9,22.837,24.107
1965,10,18.313,18.294
1965,11,13.999,12.729
1965,12,4.995,6.562
1966,1,4.424,3.609
1966,2,7.054,5.012
1966,3,10.785,9.4
1966,4,14.687,15.063
1966,5,19.852,20.145
1966,6,24.618,24.669
1966,7,28.454,28.865
1966,8,29.309,28.571
1966,9,22.375,24.082
1966,10,18.337,18.325
1966,11,12.754,12.601
1966,12,5.402,6.464
1967,1,2.365,3.682
1967,2,4.397,5.179
1967,3,9.645,9.315
1967,4,14.534,15.01
1967,5,20.598,20.207
1967,6,25.589,24.719
1967,7,28.789,29.061
1967,8,30.421,28.608
1967,9,24.117,24.107
1967,10,18.179,18.182
1967,11,12.281,12.656
1967,12,1.697,6.714
1968,1,2.889,3.63
1968,2,2.081,5.165
1968,3,9.768,9.325
1968,4,14.756,15.084
1968,5,19.865,20.084
1968,6,24.178,24.715
1968,7,27.507,28.912
1968,8,28.061,28.483
1968,9,24.036,23.981
1968,10,17.181,18.271
1968,11,13.889,12.689
1968,12,9.375,6.394
1969,1,3.265,3.608
1969,2,2.226,5.303
1969,3,7.729,9.28
1969,4,15.288,15.196
1969,5,20.962,20.31
1969,6,23.523,24.688
1969,7,27.31,28.806
1969,8,28.632,28.682
1969,9,25.147,23.99
1969,10,17.996,18.316
1969,11,10.543,12.618
1969,12,5.051,6.484
1970,1,1.925,3.704
1970,2,6.362,5.063
1970,3,6.423,9.371
1970,4,13.919,15.246
1970,5,19.952,20.106
1970,6,23.169,24.731
1970,7,27.766,28.896
1970,8,28.694,28.561
1970,9,24.527,24.072
1970,10,18.414,18.255
1970,11,12.039,12.594
1970,12,6.692,6.44
1971,1,2.928,3.592
1971,2,4.355,5.064
1971,3,8.229,9.257
1971,4,14.849,15.073
1971,5,20.513,20.254
1971,6,25.676,24.768
1971,7,30.617,28.977
1971,8,29.001,28.612
1971,9,23.439,24.093
1971,10,16.519,18.276
1971,11,12.42,12.647
1971,12,6.088,6.362
1972,1,4.528,3.702
1972,2,2.369,5.082
1972,3,9.212,9.241
1972,4,14.329,15.192
1972,5,19.472,20.071
1972,6,24.322,24.694
1972,7,27.471,28.86
1972,8,27.5,28.633
1972,9,22.768,24.112
1972,10,17.712,18.357
1972,11,12.325,12.612
1972,12,6.498,6.488
1973,1,4.424,3.745
1973,2,6.598,5.159
1973,3,10.396,9.381
1973,4,16.648,15.14
1973,5,19.535,20.366
1973,6,23.788,24.641
1973,7,28.69,28.901
1973,8,29.022,28.637
1973,9,22.195,24.151
1973,10,17.762,18.241
1973,11,12.028,12.611
1973,12,4.805,6.422
1974,1,3.306,3.692
1974,2,3.931,5.114
1974,3,8.786,9.275
1974,4,16.254,15.171
1974,5,20.897,20.162
1974,6,23.303,24.627
1974,7,27.243,28.893
1974,8,27.59,28.643
1974,9,23.292,23.997
1974,10,17.788,18.339
1974,11,13.038,12.824
1974,12,5.694,6.646
1975,1,4.775,3.643
1975,2,5.704,5.029
1975,3,9.462,9.293
1975,4,14.666,15.131
1975,5,19.205,20.098
1975,6,24.092,24.718
1975,7,28.381,29.056
1975,8,28.763,28.85
1975,9,26.395,24.017
1975,10,19.121,18.324
1975,11,12.492,12.745
1975,12,4.761,6.696
1976,1,3.554,3.614
1976,2,6.652,5.219
1976,3,8.397,9.252
1976,4,14.24,15.158
1976,5,20.407,20.515
1976,6,23.88,24.715
1976,7,26.515,28.943
1976,8,29.092,28.537
1976,9,22.406,24.11
1976,10,18.226,18.293
1976,11,9.055,12.644
1976,12,6.118,6.39
1977,1,0.432,3.66
1977,2,3.726,5.213
1977,3,10.451,9.291
1977,4,16.12,15.107
1977,5,18.898,20.338
1977,6,23.875,24.625
1977,7,29.103,28.966
1977,8,26.839,28.664
1977,9,24.022,24.008
1977,10,19.671,18.22
1977,11,12.169,12.592
1977,12,8.695,6.425
1978,1,3.936,3.738
1978,2,4.801,4.971
1978,3,8.373,9.213
1978,4,15.866,15.173
1978,5,20.644,20.137
1978,6,25.472,24.599
1978,7,30.071,28.797
1978,8,29.352,28.685
1978,9,23.95,23.963
1978,10,18.157,18.206
1978,11,12.483,12.747
1978,12,6.893,6.586
1979,1,5.122,3.631
1979,2,7.021,4.978
1979,3,9.467,9.197
1979,4,14.613,15.123
1979,5,19.36,20.163
1979,6,25.71,24.696
1979,7,28.14,28.842
1979,8,28.149,28.696
1979,9,23.171,23.966
1979,10,18.69,18.435
1979,11,11.135,12.747
1979,12,7.933,6.403
1980,1,3.937,3.51
1980,2,3.432,5.022
1980,3,7.906,9.256
1980,4,14.139,15.078
1980,5,19.991,20.383
1980,6,25.227,24.739
1980,7,27.403,28.985
1980,8,25.243,28.807
1980,9,22.341,23.996
1980,10,17.923,18.147
1980,11,14.115,12.614
1980,12,5.238,6.343
1981,1,2.158,3.532
1981,2,5.157,4.966
1981,3,10.909,9.25
1981,4,15.315,15.178
1981,5,20.653,20.327
1981,6,24.791,24.848
1981,7,28.927,28.882
1981,8,28.229,28.503
1981,9,22.59,23.938
1981,10,16.353,18.244
1981,11,10.516,12.767
1981,12,5.38,6.369
1982,1,3.917,3.535
1982,2,4.802,5.027
1982,3,9.423,9.342
1982,4,14.223,15.061
1982,5,22.215,20.365
1982,6,23.942,24.82
1982,7,27,28.785
1982,8,27.508,28.431
1982,9,22.745,23.991
1982,10,19.58,18.151
1982,11,13.377,12.801
1982,12,5.62,6.434
1983,1,3.875,3.569
1983,2,4.811,5.076
1983,3,9.023,9.289
1983,4,15.716,15.11
1983,5,21.255,20.171
1983,6,23.223,24.83
1983,7,28.018,28.897
1983,8,28.26,28.46
1983,9,24.889,23.969
1983,10,18.414,18.288
1983,11,11.882,12.687
1983,12,5.29,6.658
1984,1,1.688,3.579
1984,2,2.822,4.961
1984,3,8.915,9.329
1984,4,14.03,15.103
1984,5,19.526,20.085
1984,6,24.76,24.586
1984,7,28.919,28.981
1984,8,28.281,28.521
1984,9,23.206,24.147
1984,10,18.188,18.31
1984,11,14.18,12.873
1984,12,5.029,6.482
1985,1,3.439,3.489
1985,2,5.121,4.945
1985,3,7.14,9.366
1985,4,15.541,15.221
1985,5,20.986,20.2
1985,6,23.727,24.735
1985,7,28.564,28.832
1985,8,28.202,28.497
1985,9,24.988,24.002
1985,10,18.625,18.195
1985,11,11.897,12.564
1985,12,4.212,6.475
1986,1,3.414,3.654
1986,2,3.998,5.003
1986,3,9.35,9.294
1986,4,14.596,15.071
1986,5,20.824,20.265
1986,6,24.674,24.624
1986,7,27.768,28.762
1986,8,27.883,28.561
1986,9,22.878,24.05
1986,10,17.237,18.262
1986,11,11.963,12.671
1986,12,6.641,6.433
1987,1,4.97,3.629
1987,2,6.202,5.149
1987,3,8.434,9.274
1987,4,14.188,15.066
1987,5,19.803,20.082
1987,6,23.227,24.629
1987,7,27.295,28.695
1987,8,28.611,28.594
1987,9,23.016,24.009
1987,10,19.471,18.156
1987,11,13.048,12.669
1987,12,6.01,6.387
1988,1,4.592,3.526
1988,2,3.88,5.063
1988,3,7.626,9.27
1988,4,15.609,15.356
1988,5,20.264,20.2
1988,6,24.682,24.786
1988,7,30.172,28.805
1988,8,27.203,28.701
1988,9,23.021,23.92
1988,10,18.463,18.218
1988,11,11.736,12.65
1988,12,6.829,6.503
1989,1,4.714,3.834
1989,2,5.324,5.04
1989,3,9.867,9.359
1989,4,15.115,15.195
1989,5,19.697,20.143
1989,6,24.495,24.658
1989,7,26.872,28.834
1989,8,27.321,28.58
1989,9,23.647,24.069
1989,10,18.436,18.313
1989,11,12.034,12.686
1989,12,7.332,6.442
1990,1,4.528,3.704
1990,2,5.604,5.087
1990,3,11.685,9.267
1990,4,15.206,15.2
1990,5,20.966,20.257
1990,6,26.138,24.746
1990,7,30.5,29.377
1990,8,29.211,28.535
1990,9,23.89,24.083
1990,10,18.188,18.284
1990,11,14.392,12.742
1990,12,6.794,6.573
1991,1,4.084,3.623
1991,2,6.061,5.014
1991,3,8.725,9.519
1991,4,14.217,15.187
1991,5,19.944,20.158
1991,6,24.683,24.549
1991,7,28.57,29.018
1991,8,27.192,28.566
1991,9,23.705,23.909
1991,10,17.797,18.272
1991,11,12.18,12.671
1991,12,6.498,6.562
1992,1,3.858,3.641
1992,2,6.488,5.194
1992,3,8.329,9.356
1992,4,15.661,15.213
1992,5,20.627,20.168
1992,6,23.554,24.663
1992,7,28.328,28.825
1992,8,27.489,28.627
1992,9,23.761,24.147
1992,10,16.814,18.256
1992,11,11.304,12.903
1992,12,7.456,6.684
1993,1,2.671,3.673
1993,2,6.823,5.118
1993,3,9.353,9.313
1993,4,15.058,15.128
1993,5,19.393,20.334
1993,6,24.938,24.607
1993,7,27.132,28.82
1993,8,26.562,28.699
1993,9,23.868,24.018
1993,10,17.687,18.146
1993,11,12.908,12.833
1993,12,5.346,6.534
1994,1,4.536,3.689
1994,2,5.054,5.113
1994,3,8.971,9.304
1994,4,16.117,15.217
1994,5,22.877,20.204
1994,6,25.142,24.608
1994,7,30.858,28.889
1994,8,29.439,28.581
1994,9,23.796,24.102
1994,10,18.045,18.204
1994,11,14.931,12.683
1994,12,8.337,6.504
1995,1,4.157,3.638
1995,2,5.502,5.044
1995,3,10.482,9.321
1995,4,14.505,15.114
1995,5,20.159,20.058
1995,6,23.672,24.61
1995,7,28.717,28.95
1995,8,29.107,28.703
1995,9,24.569,24.076
1995,10,18.568,18.202
1995,11,11.472,12.753
1995,12,5.408,6.432
1996,1,3.785,3.663
1996,2,4.307,4.982
1996,3,8.23,9.215
1996,4,13.96,15.097
1996,5,20.173,20.166
1996,6,25.261,24.714
1996,7,27.676,28.866
1996,8,28.255,28.605
1996,9,24.938,24.192
1996,10,18.921,18.187
1996,11,12.339,12.616
1996,12,6.65,6.526
1997,1,3.398,3.576
1997,2,5.508,5.054
1997,3,11.101,9.232
1997,4,15.544,15.066
1997,5,22.762,20.527
1997,6,25.393,24.676
1997,7,27.874,28.824
1997,8,27.992,28.643
1997,9,22.727,24.127
1997,10,18.852,18.304
1997,11,12.938,12.733
1997,12,7.022,6.488
1998,1,3.785,3.651
1998,2,7.363,5.089
1998,3,9.995,9.3
1998,4,18.058,15.172
1998,5,20.94,20.176
1998,6,24.226,24.67
1998,7,29.72,28.858
1998,8,29.431,28.801
1998,9,24.095,24.035
1998,10,19.789,18.24
1998,11,15.169,12.576
1998,12,8.116,6.482
1999,1,5.75,3.602
1999,2,7.289,4.973
1999,3,10.03,9.392
1999,4,15.617,15.069
1999,5,21.235,20.145
1999,6,23.361,25.114
1999,7,26.326,29.059
1999,8,27.061,28.541
1999,9,25.625,24.288
1999,10,18.929,18.288
1999,11,12.296,12.727
1999,12,6.589,6.428
2000,1,3.938,3.669
2000,2,4.323,4.993
2000,3,11.015,9.238
2000,4,16.362,15.213
2000,5,21.86,20.181
2000,6,25.084,24.698
2000,7,29.115,28.933
2000,8,28.128,28.766
2000,9,23.997,23.964
2000,10,18.918,18.209
2000,11,11.932,12.754
2000,12,8.178,6.459
2001,1,5.146,3.566
2001,2,6.512,5.046
2001,3,11.164,9.217
2001,4,15.446,15.144
2001,5,21.63,20.221
2001,6,24.559,24.865
2001,7,29.818,28.859
2001,8,26.889,28.682
2001,9,24.15,24.003
2001,10,19.221,18.201
2001,11,12.472,12.655
2001,12,6.205,6.517
2002,1,6.232,3.687
2002,2,8.121,4.962
2002,3,12.847,9.295
2002,4,16.717,15.194
2002,5,19.781,20.294
2002,6,25.862,24.647
2002,7,28.018,28.998
2002,8,27.1,28.565
2002,9,24.178,23.998
2002,10,18.942,18.409
2002,11,12.181,12.684
2002,12,6.669,6.486
2003,1,3.434,3.67
2003,2,6.623,5.1
2003,3,9.91,9.318
2003,4,15.434,15.104
2003,5,20.165,20.214
2003,6,24.736,24.739
2003,7,29.224,28.895
2003,8,28.701,28.639
2003,9,25.588,24.002
2003,10,18.123,18.364
2003,11,13.025,12.597
2003,12,5.943,6.488
2004,1,3.877,3.587
2004,2,8.355,4.966
2004,3,10.034,9.382
2004,4,16.446,15.193
2004,5,21.159,20.161
2004,6,24.734,24.949
2004,7,29.555,28.796
2004,8,28.598,28.643
2004,9,23.751,24.027
2004,10,18.3,18.295
2004,11,14.041,12.63
2004,12,8.042,6.468
2005,1,2.628,3.593
2005,2,3.901,5.038
2005,3,8.927,9.3
2005,4,17.724,15.184
2005,5,20.796,20.128
2005,6,26.724,24.619
2005,7,29.129,28.79
2005,8,27.733,28.549
2005,9,25.819,24.143
2005,10,18.39,18.229
2005,11,14.726,12.708
2005,12,4.472,6.422
2006,1,5.02,3.6
2006,2,5.117,4.961
2006,3,11.187,9.443
2006,4,16.594,15.352
2006,5,20.777,20.272
2006,6,25.741,24.687
2006,7,29.084,28.788
2006,8,29.697,28.683
2006,9,23.07,23.933
2006,10,21.104,18.237
2006,11,14.637,12.642
2006,12,6.945,6.428
2007,1,4.532,3.528
2007,2,9.156,5.006
2007,3,11.667,9.207
2007,4,15.528,15.088
2007,5,22.832,20.115
2007,6,25.001,24.661
2007,7,29.232,28.919
2007,8,29.119,28.495
2007,9,24.415,23.944
2007,10,19.266,18.196
2007,11,12.744,12.693
2007,12,8.017,6.451
2008,1,3.059,3.577
2008,2,3.393,4.9
2008,3,11.279,9.24
2008,4,15.754,15.103
2008,5,21.625,20.151
2008,6,24.04,24.74
2008,7,29.603,28.785
2008,8,27.765,28.597
2008,9,25.097,23.974
2008,10,19.866,18.223
2008,11,12.506,12.641
2008,12,6.705,6.46
2009,1,3.25,3.618
2009,2,8.329,4.997
2009,3,10.31,9.197
2009,4,16.271,15.153
2009,5,21.779,20.156
2009,6,26.214,24.604
2009,7,28.56,28.876
2009,8,27.799,28.599
2009,9,24.671,24.017
2009,10,20.325,18.31
2009,11,10.885,12.733
2009,12,5.751,6.415
2010,1,4.635,3.549
2010,2,6.886,4.99
2010,3,9.237,9.354
2010,4,12.86,15.197
2010,5,20.827,20.167
2010,6,24.184,24.724
2010,7,28.615,28.866
2010,8,30.128,28.576
2010,9,25.361,24.023
2010,10,18.032,18.203
2010,11,13.149,12.662
2010,12,7.067,6.545
2011,1,0.7,3.618
2011,2,5.583,4.968
2011,3,9.176,9.235
2011,4,16.022,15.123
2011,5,21.481,20.228
2011,6,24.638,24.78
2011,7,29.253,29.01
2011,8,27.806,28.65
2011,9,23.782,23.872
2011,10,18.371,18.187
2011,11,15.798,12.804
2011,12,5.606,6.552
2012,1,3.875,3.696
2012,2,3.928,5.053
2012,3,9.445,9.32
2012,4,17.525,15.237
2012,5,21.454,20.185
2012,6,24.565,24.93
2012,7,29.441,28.978
2012,8,28.567,28.523
2012,9,23.217,24.209
2012,10,18.979,18.496
2012,11,11.53,12.835
2012,12,5.168,6.822
